max_depth,max_features,min_samples_split,n_estimators,MAE_cv0,MAE_cv1,MAE_cv2,MAE_cv3,MAE_cv4,MAE,MAE_std
,sqrt,2,100,0.5575078039215688,0.5227649215686276,0.5411535196078433,0.5650730000000002,0.5699681470588238,0.5512934784313728,0.019325718782992444
,sqrt,2,200,0.5527550147058825,0.5216539264705882,0.5386295980392153,0.5613118774509805,0.563648397058824,0.5475997627450981,0.01750576798269994
,sqrt,2,300,0.5520148006535945,0.5186417254901959,0.5395428235294115,0.5619408921568625,0.5575074281045753,0.5459295339869279,0.017413042928163765
,sqrt,2,400,0.5518580931372548,0.5183214534313725,0.542151328431373,0.5620796544117649,0.5577643848039218,0.5464349828431374,0.017401447164295036
,sqrt,2,500,0.5516977843137255,0.5200157039215692,0.5405043039215696,0.5605554156862755,0.5566264843137262,0.5458799384313732,0.016298476040205477
,sqrt,2,600,0.5508448202614378,0.5191726699346413,0.5404428839869294,0.5607182254901973,0.5568672990196086,0.5456091797385628,0.016643467993196277
,sqrt,2,700,0.549847801120448,0.5185211946778719,0.5402154019607859,0.5591184075630266,0.5549765728291328,0.5445358756302531,0.016165588960544992
,sqrt,4,100,0.5635217488244871,0.525183670152859,0.5447463729899186,0.5542878491391506,0.5503206327172829,0.5476120547647396,0.01428518076943874
,sqrt,4,200,0.5564023643333653,0.5243859698478128,0.5359722160015088,0.5595883415246655,0.5487515923514936,0.5450200968117691,0.014691367955642751
,sqrt,4,300,0.5559446527488308,0.5255070265383761,0.5380606865724957,0.5632928738457168,0.5493542049296201,0.5464318889270079,0.014926924613104346
,sqrt,4,400,0.5529795997879232,0.5258482284058195,0.5384775757069656,0.5609545861860024,0.5507703142885095,0.5458060608750441,0.013762295078518156
,sqrt,4,500,0.5515173829912732,0.5241029481694178,0.5381543715730565,0.562706991647568,0.5522665346297764,0.5457496458022184,0.014912712022077137
,sqrt,4,600,0.5505290399975613,0.52425902326614,0.539283808694827,0.5642157839852773,0.5546351767455763,0.5465845665378762,0.015353842936941175
,sqrt,4,700,0.5489724678463416,0.5234773597039674,0.5385265535762707,0.5633688543200612,0.5516198402792974,0.5451930151451876,0.015016331732710237
,sqrt,8,100,0.5567323936450794,0.5257809711088621,0.5511708794631176,0.5604883434427818,0.5585426990929785,0.5505430573505639,0.01427205261057549
,sqrt,8,200,0.5579785932078105,0.525921289361305,0.543414319566232,0.5606456942427791,0.5551240860777877,0.5486167964911829,0.01429015611078774
,sqrt,8,300,0.5530991341623002,0.5261275513693529,0.5441282309496869,0.5607204130478413,0.5534706041678801,0.5475091867394123,0.013322234268975592
,sqrt,8,400,0.5537720829748085,0.5254814889539041,0.5435215090004755,0.5602201665682455,0.5535907214951384,0.5473171937985144,0.013589653044522237
,sqrt,8,500,0.5529412532636451,0.5244696345990791,0.5411897390977755,0.5625832088438747,0.5525646769347811,0.5467497025478311,0.01457878398890998
,sqrt,8,600,0.5528791223202653,0.5251626679101218,0.5435059199354808,0.5640460801696152,0.5544964452983164,0.5480180471267599,0.014707355209686886
,sqrt,8,700,0.5529381092980842,0.5251339761898581,0.5438696906766738,0.5627116618016706,0.5531245071048255,0.5475555890142225,0.01419511785654578
,sqrt,16,100,0.566749764888785,0.5294801798528583,0.5475480581518541,0.5795773396055521,0.5664949828154755,0.557970065062905,0.019601807647622732
,sqrt,16,200,0.5606234632743026,0.5272086190807728,0.5460120538778757,0.5782326654096015,0.5670046659731922,0.555816293523149,0.019781964258333687
,sqrt,16,300,0.560734010446471,0.5287121918102708,0.5476858167940328,0.5749259141968244,0.5643557642221014,0.5552827394939401,0.017759488195344158
,sqrt,16,400,0.561592724801306,0.5296692160752245,0.548786355809009,0.5751609088094135,0.563147072185936,0.5556712555361777,0.01727936716095055
,sqrt,16,500,0.5611501578344531,0.5301695130872884,0.5482593539347003,0.5745808421998657,0.5630754752886474,0.5554470684689911,0.016936920930340566
,sqrt,16,600,0.5606941836459366,0.5313450685832001,0.5498058965467902,0.5753454819075846,0.5627605474029299,0.5559902356172883,0.01649409072642418
,sqrt,16,700,0.5613265988685583,0.5327481233970537,0.549172286135529,0.5733267874328752,0.5598808510495817,0.5552909293767196,0.0152348675703905
,log2,2,100,0.5645181470588234,0.5306777843137257,0.557718931372549,0.5797981078431372,0.5704995294117651,0.5606425,0.018611491211531776
,log2,2,200,0.5612487647058824,0.5286355294117644,0.552527759803921,0.5715503431372548,0.5657132500000003,0.5559351294117646,0.01676722688590885
,log2,2,300,0.5629945555555554,0.5271248529411761,0.5526587254901956,0.5723319183006536,0.5618631307189539,0.5553946366013068,0.017270911769668575
,log2,2,400,0.5629506642156862,0.5303956176470587,0.5533334289215688,0.5736506519607842,0.5636266887254899,0.5567914102941176,0.016413309951981314
,log2,2,500,0.5633825509803918,0.5298942862745101,0.5528171333333342,0.5714589803921569,0.5637756333333336,0.5562657168627453,0.016164996980798468
,log2,2,600,0.5640825588235288,0.5297831258169943,0.5547880392156872,0.5712912124183009,0.5646686928104577,0.5569227258169938,0.016269844771870254
,log2,2,700,0.5633713109243691,0.5302442913165274,0.554880448179273,0.5710790252100846,0.562913204481793,0.5564976560224094,0.015754977314496287
,log2,4,100,0.5615544796251406,0.5414207563631084,0.5493155354182583,0.5776216414859379,0.5724714491623845,0.5604767724109659,0.01522075242581673
,log2,4,200,0.5576508057718831,0.5348870967985722,0.549934782781597,0.5730073109118143,0.5653221395456124,0.5561604271618958,0.014673862195953867
,log2,4,300,0.5575844735353428,0.5284429423996391,0.5507494562184634,0.5730560153349468,0.5627525502924546,0.5545170875561694,0.01669565540757066
,log2,4,400,0.5594146937112112,0.5282448994869307,0.5520945015539604,0.5741915491772118,0.5657161450647663,0.5559323577988161,0.01748264650155676
,log2,4,500,0.5594971397559141,0.5308986354927643,0.5528535761292139,0.5753084251485769,0.5658343098638835,0.5568784172780706,0.016717351146467333
,log2,4,600,0.560744916899173,0.5312047238148474,0.5529514641636324,0.5743567711626927,0.5676422459219704,0.5573800243924633,0.01665536046766781
,log2,4,700,0.5610343561788548,0.5306955773270072,0.5536436363138146,0.5746733800290434,0.5643290740621851,0.556875204782181,0.016473081664941276
,log2,8,100,0.5676217766224412,0.5361686760454142,0.5461590551001504,0.5851245501994216,0.5785557896931331,0.5627259695321121,0.020952333046945527
,log2,8,200,0.564248803085935,0.5356312444882436,0.5522876468401139,0.5816125244134552,0.5726008320866733,0.5612762101828842,0.01795207218374707
,log2,8,300,0.5642172644589895,0.5366098364432674,0.5518134839122617,0.5780918317893609,0.5698505836304906,0.560116600046874,0.01624949625283593
,log2,8,400,0.5660059921731403,0.5352692410108449,0.5513955022856296,0.5773458665072618,0.5710101360943368,0.5602053476142428,0.01690865981213688
,log2,8,500,0.5678278942648655,0.5356116119546267,0.5506894052130449,0.5791257107196174,0.5706640745127299,0.5607837393329769,0.017458526816385204
,log2,8,600,0.5689373113225076,0.5355200711621669,0.5538171303279646,0.5790077086373892,0.5728679474868297,0.5620300337873717,0.017490298748452673
,log2,8,700,0.5681154871396238,0.535171041980755,0.5533820274519939,0.5783427021005665,0.5710806297967166,0.5612183776939311,0.0171606286634381
,log2,16,100,0.5704149056153143,0.5358994107578662,0.5584777871530479,0.5858220145617027,0.5818778261054014,0.5664983888386665,0.020161201702625704
,log2,16,200,0.5677454133344086,0.5389413438077271,0.5640468868911898,0.5802350035629581,0.5757089994061755,0.5653355294004918,0.01607579223144119
,log2,16,300,0.5700743596749197,0.5394696410140973,0.5621770257852003,0.5816050321807156,0.5738324596596853,0.5654317036629236,0.01611152643743444
,log2,16,400,0.5730582765404573,0.5398845993376666,0.5629981094444745,0.5840127726934641,0.5754990077828025,0.5670905531597731,0.016952797441542045
,log2,16,500,0.5746835429615975,0.5420538308354043,0.5619375743485862,0.5840112101837329,0.5759021870488277,0.5677176690756297,0.01637857826220207
,log2,16,600,0.5758034122166164,0.5426618949461252,0.5644645366956942,0.5833326729657977,0.5792448147138952,0.5691014663076257,0.01636217351707509
,log2,16,700,0.574780630348367,0.5425551354127838,0.564045900957945,0.5829666875270841,0.5771678735155543,0.5683032455523469,0.015942434193237508
,,2,100,0.5227955686274509,0.5077644607843139,0.5302716568627452,0.5428806372549022,0.5396093333333336,0.5286643313725492,0.014104315676920212
,,2,200,0.5159130784313725,0.5093186666666663,0.5264238333333329,0.5448911715686275,0.5356793823529412,0.5264452264705881,0.014402848469339919
,,2,300,0.5214029019607841,0.5083888464052282,0.5212044183006529,0.547389931372549,0.5333374803921566,0.5263447156862741,0.014705928084124272
,,2,400,0.5224650955882348,0.5086118578431372,0.5219479044117646,0.5492487230392158,0.5326367475490195,0.5269820656862743,0.01509130371643362
,,2,500,0.5216757254901955,0.508896727450981,0.5196802235294126,0.5492293196078439,0.5310479588235294,0.5261059909803925,0.015134297669929632
,,2,600,0.5229176928104571,0.508629707516341,0.5207879248366026,0.5480661748366026,0.5300582434640524,0.5260919486928112,0.014506348138056336
,,2,700,0.5217448823529409,0.5085909355742307,0.5198551708683482,0.5491483249299727,0.529023169467787,0.5256724966386559,0.015028212500695075
,,4,100,0.5251102128440186,0.510829532367061,0.5231080476130624,0.544803489827547,0.5380772452378231,0.5283857055779023,0.013325458009955276
,,4,200,0.5181509382771502,0.5106269139424299,0.5213853944628355,0.546232189056885,0.5345492318378516,0.5261889335154304,0.014155268355022451
,,4,300,0.5241872990583576,0.5091418613537062,0.5182014949775532,0.5466262430337181,0.5317755740532343,0.5259864944953139,0.014204732039392164
,,4,400,0.525022778590411,0.5091830658042052,0.5203777744876106,0.5469418883945167,0.5304088798201659,0.526386877419382,0.013898077180406431
,,4,500,0.5246394735667759,0.5084289548088572,0.5196037957478852,0.5473211008009912,0.5293994757097529,0.5258785601268524,0.014296644067513988
,,4,600,0.5250354881129352,0.5076305939552372,0.520118259886034,0.54774241578812,0.529415489494628,0.525988449447391,0.014640336182111469
,,4,700,0.5237679247467942,0.5084444855359084,0.5196669382372029,0.5489736796052103,0.5288131230039059,0.5259332302258043,0.01490777686268592
,,8,100,0.5241604544374263,0.5093293427866953,0.5274994047134306,0.5421756316156636,0.5373016495529925,0.5280932966212417,0.012757466846485972
,,8,200,0.5178361846486138,0.5091493727757359,0.5230991976778903,0.5458647943975354,0.535069478766415,0.5262038056532381,0.014453926723246737
,,8,300,0.5236431509935585,0.509409348534938,0.5214882404349774,0.5488932779181606,0.5331842663140703,0.527323656839141,0.014731903702657544
,,8,400,0.5237985929376494,0.5101053961333496,0.5225886049323827,0.5494137769499694,0.5315072514341564,0.5274827244775014,0.014462578016041044
,,8,500,0.5228576018246792,0.5093910358768526,0.5215627256896832,0.5486611612228723,0.5301229544003988,0.5265190958028972,0.014444734659514399
,,8,600,0.5231398462774144,0.5090989087574862,0.5218694634629601,0.5486959179521177,0.5300401565010424,0.5265688585902042,0.014497398493801796
,,8,700,0.5226146709904215,0.5094337491199672,0.520970391770749,0.5500207821231292,0.5293063601308671,0.5264691908270268,0.014983552404420255
,,16,100,0.5251831048356049,0.5135617834795939,0.5291009905160478,0.5419636402088611,0.5476103337128105,0.5314839705505836,0.013568966034644943
,,16,200,0.5204614240487776,0.514910721683145,0.5234960990043014,0.5458662258171332,0.5426653585479452,0.5294799658202605,0.013890353942128173
,,16,300,0.5260361578230335,0.5147791026465586,0.5217632192382978,0.547940238332967,0.5413110728577345,0.5303659581797182,0.013823487368012182
,,16,400,0.5270992509412682,0.5153097975714457,0.5240607585857502,0.5486025706260305,0.5408128843186778,0.5311770524086346,0.013374769347474514
,,16,500,0.5269006423841622,0.5152531496175565,0.5235482245325472,0.547301167006249,0.5388148590862004,0.530363608525343,0.012699134667415606
,,16,600,0.527415654190975,0.5146866093769442,0.5244084640565428,0.5472307248199164,0.537353373572929,0.5302189652034615,0.012481729665424888
,,16,700,0.5263528414953995,0.5146378242529964,0.5231902280348478,0.5488301307873196,0.5363683457638212,0.529875874066877,0.013140812570534293
2.0,sqrt,2,100,0.6252456985376201,0.5868385849063963,0.601298848373115,0.6303037942925591,0.6218240137963764,0.6131021879812135,0.018361141210786587
2.0,sqrt,2,200,0.6204809897689014,0.5857310754123564,0.598398149245195,0.6250714798263071,0.6197772545786532,0.6098917897662826,0.017000885654065864
2.0,sqrt,2,300,0.6206875507562265,0.5845816848616231,0.599484132050369,0.6226955202631211,0.6150055774885459,0.6084908930839771,0.016168974818305978
2.0,sqrt,2,400,0.6208627318248304,0.5862130200609075,0.5995844371152029,0.6217144536407141,0.6148286109750015,0.6086406507233313,0.015359102051361779
2.0,sqrt,2,500,0.6226547117252991,0.5893083493756394,0.6005976675428475,0.6240618569783547,0.6161154577742727,0.6105476086792827,0.015085798447433399
2.0,sqrt,2,600,0.6227333996292184,0.5898195019437069,0.6021606195076878,0.6238248478789736,0.6167307352854531,0.611053820849008,0.014677571145043526
2.0,sqrt,2,700,0.6230508835170948,0.5901503844359128,0.6016961864225261,0.6243569832225982,0.61595861649358,0.6110426108183423,0.014743464736343154
2.0,sqrt,4,100,0.6254919428674905,0.5863103977612045,0.6017315521034984,0.6310531739250627,0.6211170886858302,0.6131408310686173,0.018621670660944275
2.0,sqrt,4,200,0.6204673285838026,0.5852114067209416,0.5992313028671614,0.6252392541118564,0.6198156525222709,0.6099929889612066,0.017092292246251275
2.0,sqrt,4,300,0.6206646422102613,0.5843768610576103,0.5997583523984404,0.6227940895547189,0.6149825474247801,0.6085152985291622,0.016222391950751553
2.0,sqrt,4,400,0.620999855549711,0.5864580462616782,0.5997676795402884,0.6222404018875678,0.6150197823287212,0.6088971531135934,0.015401826893624146
2.0,sqrt,4,500,0.6228761769896842,0.589661209656196,0.6006252192891665,0.6244183019316394,0.6162873237315802,0.6107736463196533,0.01509779840782382
2.0,sqrt,4,600,0.6231053177767679,0.5900460789762161,0.6023311717461717,0.6242049558230441,0.616882216859369,0.6113139482363138,0.014741375648456696
2.0,sqrt,4,700,0.6232110791753305,0.5906279778695097,0.6016765856927877,0.6246930145341509,0.6161227475800106,0.6112662809703578,0.014700701145527094
2.0,sqrt,8,100,0.6256300784584417,0.5865797003296891,0.6020522009126429,0.63421277912433,0.6232896725880286,0.6143528862826264,0.01951994668967109
2.0,sqrt,8,200,0.6222237873167478,0.5858470201467407,0.5997900735733821,0.6268249639650177,0.6206714184438087,0.6110714526891394,0.01752318849050928
2.0,sqrt,8,300,0.6219985924454648,0.5849551205441064,0.6003672733668096,0.6241009727919173,0.615644088648283,0.6094132095593162,0.016530072483689127
2.0,sqrt,8,400,0.6230261113061817,0.5870851606191794,0.6002140029619917,0.6235931157651013,0.6158427842870181,0.6099522349878944,0.01588580100737696
2.0,sqrt,8,500,0.6246765294230265,0.5906521582990525,0.6006893959429779,0.6258138351883091,0.6170577264279686,0.6117779290562669,0.015496052475920955
2.0,sqrt,8,600,0.6246659605930933,0.5904575763686701,0.6023298006149242,0.625626538638567,0.6170218797663621,0.6120203511963234,0.015239054191490931
2.0,sqrt,8,700,0.6247693265228351,0.591162439751791,0.6017067746277883,0.6258103748394044,0.6163230291635549,0.6119543889810748,0.015104757015889293
2.0,sqrt,16,100,0.6250211900883149,0.5871772114290361,0.6015805912854217,0.6374144900536558,0.6240390296984095,0.6150465025109677,0.02024052219395618
2.0,sqrt,16,200,0.6228376236479527,0.5856590752995048,0.6018284955674646,0.6300534888198129,0.6228873497995333,0.6126532066268536,0.018419333270850154
2.0,sqrt,16,300,0.6234265283196979,0.5859649791840804,0.6017974499954478,0.6263033490827747,0.6174193922570151,0.6109823397678033,0.016891250180194974
2.0,sqrt,16,400,0.6244372717718596,0.5885281904219228,0.6013942445232974,0.6259166944437083,0.6175796558119959,0.6115712113945568,0.01613986731751001
2.0,sqrt,16,500,0.6262323548826334,0.5916275687835636,0.601727461667629,0.6277285267643932,0.6183209894419512,0.6131273803080342,0.015843827290718447
2.0,sqrt,16,600,0.6263263490679831,0.5909651141097809,0.603446508091213,0.6268556120079185,0.6180522482647562,0.6131291663083304,0.01558698784479091
2.0,sqrt,16,700,0.6264539246945777,0.5920051376855515,0.6033943006523858,0.6275641607393577,0.6176230555366441,0.6134081158617034,0.015384378611115962
2.0,log2,2,100,0.6464907894051906,0.6118736727420431,0.6174165240607326,0.6436467609963235,0.641998988302716,0.6322853471014012,0.01630145308625198
2.0,log2,2,200,0.641075081284916,0.6138356339937738,0.6217360080175335,0.6418499901195438,0.6383274839864754,0.6313648394804485,0.012773928904983998
2.0,log2,2,300,0.6378841731079191,0.6085655042722949,0.6181826382373206,0.6401601355181742,0.6362863760417976,0.6282157654355013,0.014036356759389804
2.0,log2,2,400,0.6390555586882692,0.610198092553218,0.6191133443231137,0.6419520229147361,0.6387103534703127,0.62980587438993,0.01424052877428037
2.0,log2,2,500,0.639168271050025,0.6120751203710983,0.618200457200792,0.6420848649206459,0.6380407549294579,0.6299138936944038,0.013740891005810215
2.0,log2,2,600,0.6393757258084911,0.6117245845799328,0.6191617257770937,0.6429110907152228,0.6393883703121301,0.6305122994385741,0.014079140051362614
2.0,log2,2,700,0.6400710126396928,0.611258872377989,0.6188673934875281,0.6425879616050781,0.6381456546468027,0.6301861789514182,0.014152961190869487
2.0,log2,4,100,0.6458442185502681,0.6107639931678412,0.6172571881272721,0.644017964705986,0.6415184687203153,0.6318803666543366,0.01654495419398841
2.0,log2,4,200,0.641296931110034,0.6138024488569597,0.6222168902766928,0.6421094231866784,0.6382077202106368,0.6315266827282003,0.01277604313459898
2.0,log2,4,300,0.6381905582758799,0.6087841142138903,0.6185773484492194,0.6399568841194152,0.6360924590823362,0.6283202728281483,0.013872871054584401
2.0,log2,4,400,0.6393408285927582,0.6107612610451671,0.619374569586048,0.6418608832434268,0.6385548760662358,0.6299784837067272,0.01400128626164134
2.0,log2,4,500,0.6395278421474946,0.6123990966304945,0.6185895000958843,0.6420534930784697,0.6378929148761431,0.6300925693656974,0.013585958179950886
2.0,log2,4,600,0.6396226947495991,0.6119887029056778,0.6199541427778394,0.6427740172541272,0.6394002586821308,0.630747963273875,0.01384436220448892
2.0,log2,4,700,0.6403397334871173,0.6114725206083688,0.6196422872995768,0.6424900675201464,0.6380934367001564,0.6304076091230731,0.013947531787628531
2.0,log2,8,100,0.6463630174199394,0.6121793854962796,0.617902190908763,0.6475457430941813,0.643296614684552,0.633457390320743,0.017004153528109574
2.0,log2,8,200,0.6425717632105703,0.6149560425784801,0.6222373283225667,0.6440357213121771,0.6394807613082363,0.6326563233464062,0.013193132643806763
2.0,log2,8,300,0.6397530759101042,0.6100507065409856,0.618785962663682,0.642143900543205,0.6372666240465931,0.629600053940914,0.014303232097932899
2.0,log2,8,400,0.6410704055637771,0.6114276875600291,0.6197190534716641,0.6438857270281226,0.6395778642689827,0.6311361475785151,0.014588328148614818
2.0,log2,8,500,0.6417327892552991,0.6133946197299132,0.6193621675225532,0.6441861974606915,0.6392281506375583,0.6315807849212032,0.014146316085728427
2.0,log2,8,600,0.6417710742050872,0.6127312527922112,0.6205073164904447,0.6448112423168058,0.6406103508963099,0.6320862473401718,0.014466073789809556
2.0,log2,8,700,0.642487499616204,0.6125942330896943,0.6197045066774889,0.6447945821232423,0.6392370648710723,0.6317635772755403,0.014607768094015981
2.0,log2,16,100,0.6453744124720865,0.6122683838748992,0.6179413174924295,0.6503699046636717,0.6447697165268212,0.6341447470059817,0.017630779170671462
2.0,log2,16,200,0.6416385467173571,0.6151996564060658,0.6220822283866919,0.6458018286240567,0.6400250766588252,0.6329494673585992,0.013452696838304254
2.0,log2,16,300,0.6398235482588921,0.6112089785592417,0.6183837640695267,0.642923783351824,0.6370678421810884,0.6298815832841147,0.014154945964245925
2.0,log2,16,400,0.6415035434938877,0.612354626608115,0.6193683749537403,0.6445218523015215,0.6385708790943168,0.6312638552903163,0.014431559842246474
2.0,log2,16,500,0.642720127804313,0.6140191070663059,0.6194766796959745,0.6449445916321093,0.6385127374744853,0.6319346487346376,0.01418647287264533
2.0,log2,16,600,0.6428933447734921,0.6138233447431117,0.6208319490810499,0.6454672326507578,0.6398543608935552,0.6325740464283933,0.014275773287428992
2.0,log2,16,700,0.6437216022880919,0.6135603643304299,0.6201015196076605,0.6453629790946798,0.638588020803462,0.6322668972248648,0.014496594576158785
2.0,,2,100,0.5666666864819301,0.5350406938413719,0.5611865503218723,0.5818801035478864,0.5702961526544019,0.5630140373694925,0.017379205668415273
2.0,,2,200,0.5644367728295825,0.5398627617945015,0.5598210019443733,0.5817061553441822,0.5693145356446501,0.5630282455114578,0.01530761049039928
2.0,,2,300,0.5664447324135601,0.5388072756709539,0.5603723842170265,0.5822711259578017,0.5682989993208409,0.5632389035160367,0.015836893410633303
2.0,,2,400,0.566679968251488,0.5406152569604878,0.5611221982397876,0.5822917535663992,0.5664840513993465,0.5634386456835018,0.015012439395125749
2.0,,2,500,0.5668899681357169,0.541644534380427,0.5612291114695998,0.5823451063554438,0.5653904628529386,0.5634998366388252,0.014603270860837217
2.0,,2,600,0.5681104565435382,0.5422783384932124,0.5624699512548881,0.5831832728426875,0.5652412320170651,0.5642566502302782,0.014665237365517319
2.0,,2,700,0.5676718854729033,0.5419694553301738,0.562818138063778,0.5830539803205876,0.5652945164709149,0.5641615951316716,0.014703943459405086
2.0,,4,100,0.566703661271846,0.5351637825435194,0.5612024980342905,0.5817285202145531,0.5702961526544019,0.5630189229437221,0.01729011744474314
2.0,,4,200,0.5644624497670241,0.5398830463416537,0.5598482335036638,0.5816303636775155,0.5693145356446501,0.5630277257869014,0.015276009830600191
2.0,,4,300,0.5664618503718545,0.5388452329798034,0.5603905385898869,0.5822080267514526,0.5682928244064307,0.5632396946198857,0.01580285955907801
2.0,,4,400,0.5666946460059232,0.5406264700401643,0.5611590983331584,0.5822444291616372,0.5664713319782448,0.5634391951038256,0.014992063806261524
2.0,,4,500,0.5669034703392649,0.5416349054043921,0.5612586315442962,0.5823129984656212,0.5653802873160573,0.5634980586139264,0.014595839110795036
2.0,,4,600,0.5681246792014902,0.5422718742593708,0.5624757775076115,0.5831565162678352,0.5652327524029972,0.564252319927861,0.014659648258050481
2.0,,4,700,0.5676770973309797,0.5419639145583095,0.5628231319946838,0.5830310461135715,0.5652939268017139,0.5641578233598518,0.014698856642247913
2.0,,8,100,0.5665380808904361,0.5362278628833866,0.5615232548365297,0.5803619145846031,0.5706318321018609,0.5630565890593633,0.016515985030582474
2.0,,8,200,0.5640937353551696,0.5409037785293,0.5602383839699563,0.5805636619337693,0.5696805230510888,0.5630960165678568,0.01457850554978214
2.0,,8,300,0.566242112025261,0.5402025020975463,0.5604308658929738,0.5817015076848094,0.5684841042795351,0.5634122183960251,0.015131174941658559
2.0,,8,400,0.5665500299418265,0.5418302958384337,0.5613977565713733,0.5822287659855292,0.5664012517089227,0.563681620009217,0.014511350697036697
2.0,,8,500,0.5666126275439711,0.5427372797128183,0.5616266832416525,0.5822857641535822,0.5653692204453625,0.5637263150194773,0.014145945948358428
2.0,,8,600,0.5679053289580647,0.5434960935973997,0.5627697905002027,0.5831586301065697,0.5650955230203837,0.5644850732365241,0.014179668415333904
2.0,,8,700,0.5674888916515395,0.5431822657999021,0.5632014504230506,0.5831050890875636,0.5651363586518549,0.5644228111227821,0.01424420932704409
2.0,,16,100,0.5670918371510818,0.53685851162197,0.5627318362670579,0.5800587788823764,0.5719036841430705,0.5637289296131114,0.016338706298620633
2.0,,16,200,0.5645670906882074,0.5418656037158817,0.5610592852425322,0.5800023108384874,0.5710233861966889,0.5637035353363595,0.014176241950454523
2.0,,16,300,0.5670664177932494,0.5414564138815698,0.5611079108651053,0.5812583957689772,0.5701934323464962,0.5642165141310795,0.014679550483840606
2.0,,16,400,0.5675166427112662,0.543224379814288,0.5625953775934844,0.5821358346650041,0.5680626526613277,0.5647069774890742,0.014043510013145062
2.0,,16,500,0.5680646980426547,0.5443728458043384,0.562460015943277,0.582000802873739,0.5674699796698106,0.5648736684667639,0.013568084637783431
2.0,,16,600,0.5696305066109878,0.5447566408051159,0.5636037199888491,0.5827517655226471,0.5670672316263576,0.5655619729107915,0.013702229187642957
2.0,,16,700,0.5690981378791825,0.544443574588709,0.5638857878064617,0.5825332636562197,0.5672281814063926,0.5654377890673932,0.013711534004804645
5.0,sqrt,2,100,0.5602174389027484,0.529609479954728,0.5572475315730798,0.5693575457818864,0.5577339261475267,0.5548331844719938,0.0149200026055832
5.0,sqrt,2,200,0.5619113686043467,0.5329369816793592,0.5519486353099391,0.5741381966168614,0.5620221590925707,0.5565914682606155,0.015384830611824402
5.0,sqrt,2,300,0.5613335530629009,0.5317778114563081,0.5522530569125461,0.5734898518823773,0.5591384822869485,0.5555985511202162,0.015363430383048788
5.0,sqrt,2,400,0.5605150602435519,0.5321822838777914,0.5512466897328191,0.5721012464623978,0.5601218702315607,0.5552334301096242,0.014862411762914307
5.0,sqrt,2,500,0.5607932658570225,0.5314076860140058,0.5490123501402762,0.5730525458096851,0.5603797403640947,0.5549291176370168,0.015659039357472336
5.0,sqrt,2,600,0.5606437772706572,0.5311794967205159,0.5498851938237401,0.5727666871205586,0.561752913741327,0.5552456137353597,0.015703385186736352
5.0,sqrt,2,700,0.5602352817929634,0.5314888475809174,0.5498746890341601,0.572651039884299,0.5591387429433374,0.5546777202471355,0.015285780622642674
5.0,sqrt,4,100,0.5670417257804841,0.5352666219855868,0.5516273522838921,0.5723823571116221,0.5662848338144773,0.5585205781952125,0.015110473016110118
5.0,sqrt,4,200,0.5653675695224911,0.5300097234116647,0.5482758695021187,0.5734730636167314,0.5618346599164161,0.5557921771938844,0.01704437799353529
5.0,sqrt,4,300,0.566753047354188,0.5284329382555064,0.5523648583275208,0.5735654223845792,0.5612167874118442,0.5564666107467277,0.017488964249701644
5.0,sqrt,4,400,0.5644251931191244,0.5296494877447651,0.5532673224653128,0.5737532806741676,0.5606470897947009,0.5563484747596142,0.01665058667646398
5.0,sqrt,4,500,0.5645433739270379,0.5305113081633208,0.552332575485281,0.5746930050509138,0.5618426911842662,0.5567845907621639,0.01670778424089633
5.0,sqrt,4,600,0.5638227200105812,0.5311619631001192,0.5539429214580889,0.5743817277616123,0.5634342708418666,0.5573487206344537,0.016328010130100292
5.0,sqrt,4,700,0.5630303197359214,0.5304535912006028,0.5531482901704541,0.5728498836116966,0.5615612643814565,0.5562086698200263,0.01600628916134504
5.0,sqrt,8,100,0.5713634779371518,0.530409572223639,0.5567426331319464,0.5744397420136154,0.5701518315592,0.5606214513731105,0.018200050206728113
5.0,sqrt,8,200,0.5690535515420478,0.5330297222159014,0.5493470286052847,0.5753847696792443,0.5693555489563987,0.5592341241997755,0.01763613537927671
5.0,sqrt,8,300,0.5662900477969883,0.5318887062555728,0.5517986906278652,0.5745827212270823,0.5662831798306449,0.5581686691476307,0.016825845122966004
5.0,sqrt,8,400,0.5686465852134067,0.5326408116900395,0.5525265272949764,0.5725894604155537,0.5645704904526961,0.5581947750133345,0.016141802295405922
5.0,sqrt,8,500,0.5681230189613368,0.5327951986993796,0.5504485283218321,0.5723705890287942,0.5642670921799112,0.5576008854382508,0.016122779360740767
5.0,sqrt,8,600,0.567693224949859,0.5323733906519545,0.5525325372653938,0.5732888656202367,0.5666334091129208,0.5585042855200729,0.01648930343280267
5.0,sqrt,8,700,0.5667564748446999,0.5332443265730074,0.5518044443951639,0.5720663329882496,0.5648916942216516,0.5577526546045545,0.015596116520148648
5.0,sqrt,16,100,0.5765400722635683,0.5405868002085368,0.558534732222108,0.5827840069978146,0.5713523731022377,0.5659595969588531,0.016755571436519845
5.0,sqrt,16,200,0.5690644510979854,0.5371514676942939,0.5534772272566661,0.5798201382870019,0.5726887976793896,0.5624404164030674,0.017108708116456383
5.0,sqrt,16,300,0.5685025978519092,0.5369988161074206,0.5553924601306914,0.5796920313085547,0.5690299636099929,0.5619231738017139,0.016381402617264774
5.0,sqrt,16,400,0.5689939606042186,0.5388018582741397,0.5565776897558249,0.5802483836541501,0.5667039190830059,0.5622651622742678,0.015582438179089563
5.0,sqrt,16,500,0.5700024616025772,0.5401166895319249,0.5552897995568423,0.5809601599236078,0.5674968959770624,0.562773201318403,0.015609770874741954
5.0,sqrt,16,600,0.5700892482328228,0.5399762503826661,0.5569753047349969,0.5821388977559458,0.5679502231773232,0.563425984856751,0.015863024942546176
5.0,sqrt,16,700,0.5706894900614583,0.5404322018161853,0.5560157171456994,0.5803535978435652,0.5648424384569574,0.5624666890647732,0.015168502019606575
5.0,log2,2,100,0.5837048055350651,0.5488776362982962,0.558372964749714,0.5989004971898413,0.5824777027796764,0.5744667213105185,0.02037362081197866
5.0,log2,2,200,0.5797737464713446,0.5470709003617502,0.5687880229413014,0.5879536070497744,0.5795503674706639,0.5726273288589668,0.015825342484084997
5.0,log2,2,300,0.5793207419129234,0.5418339466491149,0.5681655640018692,0.5856967562649921,0.5752713432826586,0.5700576704223116,0.01701269036970359
5.0,log2,2,400,0.5796933523110855,0.5441206980630784,0.5686201666736431,0.5852990669408294,0.5795089991444563,0.5714484566266185,0.016428600585343404
5.0,log2,2,500,0.580390180037589,0.545722262605465,0.5671890313538366,0.5848857759235919,0.5786365695722661,0.5713647638985497,0.015749045012883236
5.0,log2,2,600,0.5795717768887914,0.5455624266706856,0.5691903406107406,0.5837337082260114,0.5799082681835467,0.5715933041159551,0.015520670743928381
5.0,log2,2,700,0.5785970444478931,0.5456562913827582,0.5685755134818469,0.58377234652013,0.5774743853847918,0.570815116243484,0.015089535922449632
5.0,log2,4,100,0.5898602751633006,0.544531203447274,0.565440430212529,0.5820380778089039,0.5855598986333169,0.5734859770530649,0.01864232675119196
5.0,log2,4,200,0.579590979694134,0.5441756448364979,0.5714322396754477,0.579938988047277,0.5781302724938654,0.5706536249494445,0.015196086732672738
5.0,log2,4,300,0.5770230266931177,0.539785309299915,0.5710583786819374,0.5818028337550356,0.5777726074075324,0.5694884311675077,0.017042464615462577
5.0,log2,4,400,0.5790666200193368,0.5423111812640036,0.5706135737200502,0.582416753488832,0.5781830420063243,0.5705182340997094,0.01634813341829141
5.0,log2,4,500,0.5785619653561493,0.5450118933349616,0.5703772567431231,0.585299535171619,0.5774077433197375,0.571331678785118,0.01563600527419429
5.0,log2,4,600,0.5787212877188308,0.5455127829883166,0.5708729570725243,0.5847445056239785,0.5787166381734992,0.5717136343154298,0.015452703847632275
5.0,log2,4,700,0.5770685047690634,0.5451909599306851,0.5699041977329247,0.584479991126494,0.5755191969823139,0.5704325701082962,0.01503876242219992
5.0,log2,8,100,0.5858233900568033,0.5474180912304567,0.5575211965329202,0.5956093480989626,0.5895777447869358,0.5751899541412158,0.02133360901015309
5.0,log2,8,200,0.5814466795536302,0.5490927781445032,0.5653065402769814,0.5890939788058809,0.585820990824387,0.5741521935210765,0.016724586577943214
5.0,log2,8,300,0.5789365777318262,0.5484766357688641,0.5639573446129063,0.5890087714273043,0.5826027448200093,0.572596414872182,0.016325494102335913
5.0,log2,8,400,0.5818438086060449,0.5485434109574173,0.5653902788223092,0.5887578732837002,0.5842022641979208,0.5737475271734784,0.016622671745766773
5.0,log2,8,500,0.581305247072295,0.5485502143882679,0.5654118979524883,0.5892486613806546,0.5842119755147955,0.5737455992617002,0.016668055063408637
5.0,log2,8,600,0.5820979950977806,0.5483996529193407,0.5671079775662984,0.5889497763442594,0.5858478060898723,0.5744806416035103,0.016816409460791677
5.0,log2,8,700,0.5803836390331865,0.546884537975884,0.5674588561223142,0.5890270570680711,0.5832272300564173,0.5733962640511747,0.016792240949896196
5.0,log2,16,100,0.5876333318237559,0.5470315108585391,0.5656741155183657,0.5951190938651912,0.5863971128118235,0.5763710329755349,0.019710929965958694
5.0,log2,16,200,0.5860725209341485,0.548097583626932,0.5736782519133039,0.5868139436556976,0.5854089500083063,0.5760142500276777,0.016514082883511565
5.0,log2,16,300,0.5847600176412737,0.5481014276831218,0.5726554038281118,0.5892688158295788,0.5828410841611034,0.5755253498286379,0.016492346801177442
5.0,log2,16,400,0.5869108533261039,0.5502201820639667,0.5733813864976016,0.5908755578377503,0.5848811281187883,0.5772538215688422,0.01645295706558426
5.0,log2,16,500,0.5862995624644481,0.5512141068149505,0.571264399160087,0.5925467912104196,0.5849548614382543,0.5772559442176319,0.01649959292380629
5.0,log2,16,600,0.5862923841695309,0.5525026462317415,0.5735147734742231,0.5927687906588344,0.5876244351759687,0.5785406059420597,0.016188588553702664
5.0,log2,16,700,0.5849619834155567,0.5523187917264162,0.5730322890778485,0.5924474615955133,0.5851804262985101,0.5775881904227689,0.01574890119991242
5.0,,2,100,0.5264106561481108,0.513941893697931,0.5305891882509125,0.5430113225154282,0.5426606132099335,0.5313227347644631,0.012164814160696117
5.0,,2,200,0.5224046929508196,0.5130120631162147,0.5270019132895751,0.5459936348093672,0.5378804818881351,0.5292585572108224,0.012946204799269738
5.0,,2,300,0.5268726547613998,0.5114356055887662,0.5235224137785459,0.5489699949586739,0.5352994288495405,0.5292200195873853,0.013975683874114702
5.0,,2,400,0.5286178237626759,0.5110146274263838,0.5238864027396701,0.5488685959190369,0.5342624054158046,0.5293299710527142,0.013889547979552169
5.0,,2,500,0.5272042474262747,0.5100524675590941,0.5234003737250633,0.548787117210644,0.5320901589992478,0.5283068729840649,0.014073614427106893
5.0,,2,600,0.527166989363051,0.5105090039858543,0.524567201146948,0.5491764708597646,0.5317543179574,0.5286347966626035,0.013954711960831541
5.0,,2,700,0.5256916199692565,0.5112254304215001,0.523679232730781,0.5508551868725484,0.5314741956054653,0.5285851331199103,0.014474991631682267
5.0,,4,100,0.5263184294399694,0.5125268492134247,0.5302282038286228,0.5399800023105716,0.543075181036927,0.530425733165903,0.01213024730591836
5.0,,4,200,0.5229714449530009,0.5124300838239515,0.5248652192197178,0.5449888236554148,0.5374925077978903,0.528549615889995,0.012794070418414707
5.0,,4,300,0.5284674204735589,0.5115288354345966,0.5225206104049611,0.547301714852685,0.535498926458323,0.5290635015248248,0.013459906864361049
5.0,,4,400,0.5288155332344674,0.5109765509938405,0.5232701399188394,0.5488562069690817,0.5338482871057516,0.5291533436443961,0.013922709060266566
5.0,,4,500,0.528039642409968,0.5106191112031103,0.5228654885183618,0.548956788213741,0.5321218715560564,0.5285205803802475,0.013993586501897193
5.0,,4,600,0.5285673022032329,0.5105587738841546,0.5238995939794263,0.5486430690589053,0.5318467882102896,0.5287031054672017,0.013782178918470285
5.0,,4,700,0.5278364219293188,0.5108310162274254,0.5233845259977893,0.5501231805736226,0.5313211097567307,0.5286992508969774,0.01426642466998974
5.0,,8,100,0.5263161986551333,0.514681075509541,0.5318849298339859,0.5419470156242853,0.5420842728867901,0.5313826985019472,0.01152165741294159
5.0,,8,200,0.5227404287813626,0.5165385053388549,0.5268804445884803,0.5455164807677724,0.5383500658221052,0.5300051850597152,0.011769977474298386
5.0,,8,300,0.5282946599944923,0.5146000960227097,0.5245542550062731,0.5487064552175285,0.5358003925317761,0.530391171754556,0.012772355980800081
5.0,,8,400,0.5283287225621434,0.5142044879493155,0.5255863677022208,0.5495081702485143,0.5343603216249911,0.530397614017437,0.012947607364506376
5.0,,8,500,0.5280762856909251,0.5135405653072255,0.5249248209699477,0.5495730605307384,0.5332366769796597,0.5298702818956993,0.013170684794396825
5.0,,8,600,0.5281853058052511,0.5133370603367897,0.5256811386181709,0.5496289333880173,0.5322157220449207,0.5298096320386299,0.013130332128355366
5.0,,8,700,0.5273406335866704,0.5134336467801753,0.5249015617204447,0.5515092841212988,0.5316286217493954,0.5297627495915969,0.01389721766259978
5.0,,16,100,0.5274291155470315,0.5152410271260488,0.5306750133845528,0.5427277339594179,0.5479130304525358,0.5327971840939174,0.012929066552662844
5.0,,16,200,0.523848649888644,0.517969687033108,0.5250772374907631,0.5459344447064604,0.5438490351136848,0.531335810846532,0.012684453847041971
5.0,,16,300,0.5292068886896347,0.517760712788834,0.5232453470742416,0.5484632735245694,0.5427393275753415,0.5322831099305243,0.012972803230953267
5.0,,16,400,0.530216732106001,0.517771488455116,0.5252583870183949,0.5493448364418511,0.5418161304358748,0.5328815148914476,0.012692461898385451
5.0,,16,500,0.5305983043325485,0.5180243358521825,0.52542583738361,0.5481954726785938,0.5405467369685202,0.5325581374430909,0.011982132680461447
5.0,,16,600,0.5308311119648701,0.5178809719032655,0.5264655135893851,0.547915869421628,0.5394416448158692,0.5325070223390036,0.011605509599054122
5.0,,16,700,0.5295593004735947,0.51749568708894,0.5258016111273643,0.5496106701046651,0.5385137450883701,0.5321962027765867,0.01231994552322027
10.0,sqrt,2,100,0.5536384517558011,0.5204054172248089,0.5352394038865889,0.5676958141867395,0.5582274959261726,0.5470413165960222,0.019000114144144677
10.0,sqrt,2,200,0.5508614526291333,0.5176206029485919,0.5405471455909336,0.5647713667250469,0.5576153492292155,0.5462831834245843,0.018341463287155493
10.0,sqrt,2,300,0.5496642828859347,0.5155515733607667,0.5414834816750285,0.5654896576672407,0.5543466117748308,0.5453071214727603,0.018761962000888633
10.0,sqrt,2,400,0.5513115758546223,0.517267039259868,0.5408815023513389,0.5646448276956214,0.5551895294504186,0.5458588949223738,0.018110579692803785
10.0,sqrt,2,500,0.5519308729137434,0.5184489714552114,0.5389158533013607,0.5648664795529991,0.5555176604387584,0.5459359675324146,0.01796475001224124
10.0,sqrt,2,600,0.5517583533526338,0.5189407274701816,0.5396185637685955,0.5649750052852329,0.5566222273590896,0.5463829754471468,0.01787620471625254
10.0,sqrt,2,700,0.5501465272318129,0.5187573280166843,0.5399850793628337,0.562957525224338,0.5554832588418063,0.545465943735495,0.01711432086494071
10.0,sqrt,4,100,0.560511591349676,0.5296054440112613,0.5407267930649777,0.5577369259429572,0.5582690833614414,0.5493699675460627,0.013589305462019814
10.0,sqrt,4,200,0.5573113806027193,0.5260143958077913,0.5372166942351617,0.562191469703628,0.5532234769371319,0.5471914834572865,0.015097701085808478
10.0,sqrt,4,300,0.5563599751432989,0.5267705819569684,0.5386740353089359,0.5637631322176272,0.5507702616075312,0.5472675972468724,0.01467156782676924
10.0,sqrt,4,400,0.5527197841372009,0.5266651902739857,0.5393183264327011,0.5622024435773325,0.552831163644744,0.5467473816131928,0.013874673022191523
10.0,sqrt,4,500,0.5520374947306024,0.5265981259933977,0.5391028613845621,0.5609898175136729,0.5535332370665214,0.5464523073377513,0.013609518349535684
10.0,sqrt,4,600,0.5522880758332848,0.5270731098262463,0.5408083444237253,0.5623734275144945,0.5546302121340554,0.5474346339463614,0.013756808988716089
10.0,sqrt,4,700,0.5512764062106279,0.5259636754991149,0.5400534672276145,0.5622472084494967,0.5515414754303088,0.5462164465634325,0.013775898344476305
10.0,sqrt,8,100,0.5564920165152472,0.5214199681043901,0.5468599534767865,0.5618721461302904,0.5560757391877338,0.5485439646828896,0.016094150023760467
10.0,sqrt,8,200,0.5595970737641875,0.5226742603725363,0.5409290396942805,0.5599691576755017,0.5556852661978615,0.5477709595408735,0.016030794128400062
10.0,sqrt,8,300,0.555247117619492,0.5250005717119816,0.5424883907383642,0.5600081854177524,0.5533015018962818,0.5472091534767743,0.013973613529491174
10.0,sqrt,8,400,0.5551499921487195,0.5242703169447669,0.5417564725553305,0.5599767541060416,0.5536962142920753,0.5469699500093868,0.014350839364327484
10.0,sqrt,8,500,0.5538336711671437,0.5238896777452597,0.5396392072011033,0.5615188132017458,0.5533147641363576,0.5464392266903221,0.014866633582688313
10.0,sqrt,8,600,0.5534470011132677,0.5245079626997936,0.5426662105579768,0.5625097933626525,0.5552065625944318,0.5476675060656244,0.014764068157408562
10.0,sqrt,8,700,0.554155421082268,0.5242220008654348,0.5424923345089209,0.5611091631671355,0.553619214912606,0.5471196269072729,0.014432318611104089
10.0,sqrt,16,100,0.5667639067857181,0.5299635902410164,0.547569356090105,0.5795329149401235,0.5662726008695249,0.5580204737852976,0.019389075028112178
10.0,sqrt,16,200,0.5606512897495655,0.5273695162674333,0.5463869051331312,0.5779797985060539,0.5669859337114129,0.5558746886735193,0.019605321058644782
10.0,sqrt,16,300,0.560859054798136,0.5286861964671258,0.5478617705622497,0.5747917456688283,0.5640763117075965,0.5552550158407873,0.017688036666331883
10.0,sqrt,16,400,0.561791982227634,0.5296841781744853,0.5485940849181296,0.5748867009792569,0.5629443447478392,0.5555802582094689,0.01721167915021986
10.0,sqrt,16,500,0.5613978296451231,0.5301664054344495,0.5480678071866099,0.57423862841564,0.5627710510684226,0.555328344350049,0.016849851248440084
10.0,sqrt,16,600,0.5608497600505036,0.5313388794592734,0.5496457853979485,0.5749817467176357,0.5625586408425312,0.5558749624935784,0.016395970452708523
10.0,sqrt,16,700,0.5614228357997287,0.532747878330867,0.5490311872824065,0.5730580379937273,0.5596088354523593,0.5551737549718176,0.015159317351092595
10.0,log2,2,100,0.5665181002425497,0.5295439696790305,0.5415836414493543,0.577692457989957,0.5625324836091682,0.555574130594012,0.01956216130002303
10.0,log2,2,200,0.5640795092221799,0.5303649698184787,0.546532195424372,0.5692601580224407,0.56313337059483,0.5546740406164602,0.016046794777699207
10.0,log2,2,300,0.5631549202271682,0.5270467480631436,0.5474408234985715,0.5691076914883857,0.5622347530712783,0.5537969872697095,0.016949635542720602
10.0,log2,2,400,0.5613726338054226,0.5324174832805819,0.549940408448743,0.5694361500071098,0.5626052627896955,0.5551543876663105,0.014511230659707339
10.0,log2,2,500,0.5621116465323075,0.531526924240665,0.5487148564325441,0.5690561983854997,0.5628447012955581,0.554850865377315,0.01500057230123345
10.0,log2,2,600,0.561754050790576,0.5311409594134984,0.5503530975504104,0.5687801119432526,0.5636663740841301,0.5551389187563736,0.01501137697711563
10.0,log2,2,700,0.560013494900837,0.5316168925247631,0.5503308452712621,0.5703047675804888,0.562487938445337,0.5549507877445375,0.01486605929477943
10.0,log2,4,100,0.56551985920396,0.5406776940832771,0.5534172145990433,0.580481427984051,0.5751027918436628,0.5630397975427989,0.016190543408413277
10.0,log2,4,200,0.5620941785577785,0.5331706042625564,0.5532582802030401,0.5751715516114055,0.5693030208977559,0.5585995271065073,0.016405550888217105
10.0,log2,4,300,0.561483641403974,0.5295250349710339,0.5540451760861376,0.5741256631177928,0.5655481877268955,0.5569455406611667,0.016956213827714603
10.0,log2,4,400,0.5619284224808031,0.5283654560013384,0.5551426473903248,0.5749354448338295,0.5684280994912768,0.5577600140395146,0.01800742728394179
10.0,log2,4,500,0.5614683551566779,0.5310749994530961,0.5552302703136937,0.5754870128972595,0.5685150263043128,0.5583551328250079,0.01703222934697007
10.0,log2,4,600,0.563145977543915,0.531164571008522,0.5559659377667411,0.5749287666869007,0.5689503950919567,0.5588311296196071,0.016983809607935687
10.0,log2,4,700,0.5629844942471144,0.5308598157636768,0.5565909167954424,0.5745918642002398,0.5667220960740161,0.5583498374160979,0.0166896171708154
10.0,log2,8,100,0.5692489681902306,0.5378095451500248,0.5462246295334441,0.5859713351559425,0.5789679164030374,0.5636444788865359,0.020830275449489538
10.0,log2,8,200,0.564594124182711,0.5360159018625115,0.5531002114608268,0.5802634985055202,0.5745481249147771,0.5617043721852694,0.017689565496711163
10.0,log2,8,300,0.5645315070831503,0.5374969394144966,0.5536222619159404,0.5771913292087983,0.5704806854579655,0.5606645446160703,0.015578641669997206
10.0,log2,8,400,0.5660592593843736,0.5364591987864737,0.5529343489378478,0.5761324937940301,0.57186173689053,0.560689407558651,0.01611977911727488
10.0,log2,8,500,0.5676859745906296,0.5365173198004357,0.5524098563419306,0.5779955401622972,0.5718716313918425,0.5612960644574272,0.016766759807432564
10.0,log2,8,600,0.5690635326852282,0.5363261550189121,0.5553264299268073,0.5782077101803975,0.5741559390523343,0.562615953372736,0.01704505850957204
10.0,log2,8,700,0.5682581790150248,0.5352138094957327,0.5548768657272138,0.5779874762622114,0.5717242750510023,0.5616121211102371,0.01700597336614282
10.0,log2,16,100,0.5704279844478264,0.5369162695529596,0.5591266992498468,0.5856084483809499,0.5823011190398673,0.56687610413429,0.019742673475102456
10.0,log2,16,200,0.5676589061999491,0.5392648643727047,0.5643229548536384,0.5805853010695049,0.576301929304488,0.565626791160057,0.01611285401243949
10.0,log2,16,300,0.5693585038471343,0.539702658915566,0.5621472683237669,0.5819111282490359,0.5740883055951106,0.5654415729861227,0.01608336659004693
10.0,log2,16,400,0.5725996004916232,0.5397591202613,0.5631192314340094,0.5843135068038298,0.5755498001561766,0.5670682518293877,0.017039034070793345
10.0,log2,16,500,0.5745246439153456,0.5420229816977437,0.5621490362033665,0.5844159315843593,0.5759875265601068,0.5678200239921843,0.016467632411500177
10.0,log2,16,600,0.5757021266806942,0.5426465494595025,0.5645908770789492,0.5837257246255467,0.5792811692093978,0.569189289410818,0.016441057417498413
10.0,log2,16,700,0.5747620494807426,0.5424585946432361,0.5641009649417382,0.5834460207594916,0.5771999241008517,0.568393510785212,0.01609141915927384
10.0,,2,100,0.5268085931880712,0.5095490977419174,0.5300221058126322,0.5416644088414267,0.540075151132486,0.5296238713433067,0.012896556802169012
10.0,,2,200,0.5187436635915663,0.5085425271540742,0.5239481833535429,0.5435160352326007,0.5372256995382404,0.5263952217740049,0.01408611503332801
10.0,,2,300,0.5234185584273142,0.5067391374235461,0.5194976377821763,0.5474042319694115,0.5341491751284082,0.5262417481461712,0.015363783492657079
10.0,,2,400,0.5235312752458714,0.5078724850553734,0.5208018225943396,0.5486229085720962,0.533056482340853,0.5267769947617067,0.015168172099083168
10.0,,2,500,0.5233799503454283,0.5083451929026679,0.5194905462996959,0.5486151050153585,0.5314813387994917,0.5262624266725284,0.015017269828526301
10.0,,2,600,0.5234997701261094,0.5082663086135085,0.520088044018861,0.5483558508132944,0.5304073519161863,0.5261234650975919,0.014788667802445159
10.0,,2,700,0.5223760135040325,0.5081914290361675,0.519273595433015,0.5491387908232843,0.5292403610358212,0.5256440379664641,0.015172285851637086
10.0,,4,100,0.5253163552994347,0.5105657993756327,0.521795917935073,0.5468303077838925,0.5372191085466131,0.5283454977881291,0.014041185353988616
10.0,,4,200,0.5187366365077108,0.5100262102185702,0.5215207930684181,0.5476436917916598,0.533332207934881,0.526251907904248,0.01457630854803389
10.0,,4,300,0.5249507107005122,0.5083764002183763,0.5188070740624366,0.547370752930057,0.5315345058914969,0.5262078887605759,0.014582131260697316
10.0,,4,400,0.5254123784996062,0.5088154284220541,0.5208273396155987,0.548065555790083,0.5308967451360217,0.5268034894926726,0.014405295061416358
10.0,,4,500,0.5245810242250658,0.5081434842259632,0.5196996103192221,0.548101551906085,0.5295197977783132,0.5260090936909299,0.014675069995995261
10.0,,4,600,0.5246845785738605,0.5078984645107593,0.5201009977603954,0.5481072598212985,0.5294618996537885,0.5260506400640205,0.014704565719176546
10.0,,4,700,0.5232438344446416,0.5088483065981955,0.5196548419550536,0.5492761184958377,0.5287844830829199,0.5259615169153297,0.014929515223758209
10.0,,8,100,0.5231983536390152,0.5095890120369222,0.526925789996007,0.5428150843349351,0.5371426837964788,0.5279341847606717,0.012905695886993347
10.0,,8,200,0.5171584328954514,0.5090433471041887,0.5227993604147212,0.5459885623769012,0.534895443724068,0.5259770293030661,0.014616894221472438
10.0,,8,300,0.5232114711456011,0.5096941036680627,0.5212922794688668,0.5489076807045135,0.5330120189851488,0.5272235107944386,0.014682184213754121
10.0,,8,400,0.5233930162718925,0.5104922859309495,0.5224031916199988,0.5495019759771328,0.5313166658570779,0.5274214271314103,0.014411194655063199
10.0,,8,500,0.5225259031284184,0.5095959605120953,0.5214265044014116,0.5488320925277039,0.5299680643868693,0.5264697049912999,0.014474335847128626
10.0,,8,600,0.5228446970397491,0.5092654277503347,0.5218017823268393,0.5488330759316032,0.5299243401409331,0.5265338646378919,0.014516814574516831
10.0,,8,700,0.52231775951832,0.5094541062113304,0.5209220381453239,0.5500774123773409,0.5291420536148971,0.5263826739734425,0.015016435027046771
10.0,,16,100,0.5251687668176391,0.5135617834795939,0.5290995834413847,0.5419630382636386,0.5476192877164069,0.5314824919437326,0.013573238363851964
10.0,,16,200,0.5205442813409172,0.5149075439643122,0.5234786613361408,0.5458598650406004,0.5426605100232365,0.5294901723410413,0.013876643276230142
10.0,,16,300,0.5260746780537672,0.5147936314919385,0.5217422491265565,0.5479418288073349,0.5413143377722384,0.5303733450503672,0.013820806530510826
10.0,,16,400,0.5271191101296064,0.5153238127839119,0.5240541158570401,0.5486042069382588,0.5408235724892864,0.5311849636396206,0.013372444419259931
10.0,,16,500,0.5269192274323626,0.5152793241083705,0.5235654392094671,0.5473012540474846,0.5388234096226873,0.5303777308840745,0.012689223545674373
10.0,,16,600,0.5274132659060622,0.5147166875165923,0.5244280487991586,0.5472440455257335,0.5373676383391867,0.5302339372173466,0.012476808902971813
10.0,,16,700,0.5263607431780372,0.5146636055155519,0.523207858501413,0.5488412593664236,0.5363716370989974,0.5298890207320847,0.013134987666346219
15.0,sqrt,2,100,0.5617483057908134,0.5250367367452538,0.5396217899375136,0.5683254805340088,0.5679165559685415,0.5525297737952262,0.019324349165511793
15.0,sqrt,2,200,0.5554261333284132,0.5213369070222531,0.5372580046854549,0.5621722091711256,0.562952064521386,0.5478290637457266,0.018067429928712582
15.0,sqrt,2,300,0.5535254274645587,0.5187360350804966,0.5376532883726015,0.5631440436680331,0.5572062688270608,0.5460530126825501,0.01795207564071923
15.0,sqrt,2,400,0.553601924130309,0.5185494146731773,0.5410228242137786,0.5629062359139568,0.5577352793285759,0.5467631356519596,0.017725136654315982
15.0,sqrt,2,500,0.5529771368142699,0.5205386479236667,0.5400662024538123,0.5615068565270092,0.5564126736684507,0.5463003034774416,0.016436288376495328
15.0,sqrt,2,600,0.5516175620972619,0.5201412015468032,0.5402181634887857,0.5618701153247956,0.5569259543500745,0.5461545993615442,0.016619127751414418
15.0,sqrt,2,700,0.5508304453663726,0.5194377325286065,0.5401466254450389,0.5603864498852393,0.5552188582604486,0.5452040222971413,0.016216801740398204
15.0,sqrt,4,100,0.5646441533161555,0.5242911159083834,0.5447689984528815,0.5536671353359818,0.5488592158949983,0.5472461237816801,0.014828953297406829
15.0,sqrt,4,200,0.5567523587505085,0.5236554359884138,0.5362620723127629,0.5590351411846518,0.5480517184225631,0.54475134533178,0.014799060417779251
15.0,sqrt,4,300,0.5564803734944068,0.5257104418214418,0.5381192281591687,0.5628840342788605,0.5486622800914962,0.5463712715690748,0.01479087641416069
15.0,sqrt,4,400,0.5531253653827587,0.5263341511245502,0.5382945300079826,0.5601718237224136,0.550337687452669,0.5456527115380748,0.013378562939503283
15.0,sqrt,4,500,0.5514710390225133,0.5246147077846562,0.5376636666771086,0.5617713659169828,0.5520591045437682,0.5455159767890059,0.014500299848689585
15.0,sqrt,4,600,0.5505865464077859,0.5244355185195935,0.5389364761343708,0.5633750093393413,0.5545080305123347,0.5463683161826853,0.015079422133811677
15.0,sqrt,4,700,0.5491251284189664,0.5238514131597207,0.538369771164396,0.5626210924731291,0.5514152609244805,0.5450765332281385,0.014661757485265527
15.0,sqrt,8,100,0.5566154596984705,0.5257743117224967,0.5511954104154985,0.5606295503691887,0.5580033529391323,0.5504436170289573,0.014213851559129428
15.0,sqrt,8,200,0.5580138085036259,0.5259235680014557,0.5434265850424225,0.5608111352158582,0.5547559498279264,0.5485862093182577,0.014288204677987342
15.0,sqrt,8,300,0.5530878054706215,0.5261358190503103,0.5442110900453843,0.560949724556349,0.5532865921365018,0.5475342062518334,0.013349556314497142
15.0,sqrt,8,400,0.5538714086784569,0.5254977410276473,0.5435733278177625,0.5605028103047989,0.5534527124716049,0.5473796000600542,0.013643206951864684
15.0,sqrt,8,500,0.5530165058215841,0.5244695961390262,0.5412429578152073,0.5628093238331174,0.5523780711445256,0.5467832909506921,0.014625188292744439
15.0,sqrt,8,600,0.5529835231246132,0.5251964363386024,0.5435320545503077,0.5642785377174961,0.5544043475439284,0.5480789798549897,0.014754455458693578
15.0,sqrt,8,700,0.5530275957018109,0.525174658416246,0.5438920917750968,0.5629125634977068,0.5530240257593231,0.5476061870300368,0.014230230045286226
15.0,sqrt,16,100,0.566749764888785,0.5294801798528583,0.5475480581518541,0.5795773396055521,0.5664949828154755,0.557970065062905,0.019601807647622732
15.0,sqrt,16,200,0.5606234632743026,0.5272086190807728,0.5460120538778757,0.5782326654096015,0.5670046659731922,0.555816293523149,0.019781964258333687
15.0,sqrt,16,300,0.560734010446471,0.5287121918102708,0.5476858167940328,0.5749259141968244,0.5643557642221014,0.5552827394939401,0.017759488195344158
15.0,sqrt,16,400,0.561592724801306,0.5296692160752245,0.548786355809009,0.5751609088094135,0.563147072185936,0.5556712555361777,0.01727936716095055
15.0,sqrt,16,500,0.5611501578344531,0.5301695130872884,0.5482593539347003,0.5745808421998657,0.5630754752886474,0.5554470684689911,0.016936920930340566
15.0,sqrt,16,600,0.5606941836459366,0.5313450685832001,0.5498058965467902,0.5753454819075846,0.5627605474029299,0.5559902356172883,0.01649409072642418
15.0,sqrt,16,700,0.5613265988685583,0.5327481233970537,0.549172286135529,0.5733267874328752,0.5598808510495817,0.5552909293767196,0.0152348675703905
15.0,log2,2,100,0.5669124842736081,0.5297592216241548,0.5546646916158345,0.579102739474741,0.5708348062750979,0.5602547886526873,0.01918811954918362
15.0,log2,2,200,0.5629265302915278,0.5276782081509894,0.5514636572107228,0.5706251302948822,0.5660138905997599,0.5557414833095764,0.017208409339695405
15.0,log2,2,300,0.5641922185440957,0.5264178618688833,0.5527470854093892,0.5716387899092372,0.5617413546258305,0.5553474620714872,0.017522861270641354
15.0,log2,2,400,0.5649558284403565,0.5299774314135458,0.5542790601903683,0.5721046770862392,0.5641415554747206,0.557091710521046,0.01643189705275508
15.0,log2,2,500,0.5650334643699944,0.529798666197385,0.5539917593170237,0.5702908598563271,0.5640744875884678,0.5566378474658397,0.016120934995386315
15.0,log2,2,600,0.5657834842122529,0.5294655210725179,0.5547992212809866,0.5703336176789446,0.5652547385072078,0.557127316550382,0.01647714760202409
15.0,log2,2,700,0.5643172912457978,0.5303948342295142,0.5546285345783248,0.5703089541863879,0.5636974890114864,0.5566694206503022,0.01571973005619993
15.0,log2,4,100,0.5609218740067394,0.5435115888993629,0.5492356580776251,0.5775453549069307,0.5724636570032235,0.5607356265787763,0.01456936084491065
15.0,log2,4,200,0.5570662446157549,0.5358720321158282,0.5506952774501095,0.5722723914251149,0.5654661085355212,0.5562744108284657,0.014039528811918117
15.0,log2,4,300,0.5573796458849398,0.5293195086249266,0.5511794068279755,0.5727845968219754,0.5631917022587392,0.5547709720837114,0.016300927006407496
15.0,log2,4,400,0.5594763637482428,0.5288112638950242,0.5523026898057155,0.5736617132435629,0.5660478841342074,0.5560599829653505,0.01715998746401429
15.0,log2,4,500,0.5594519353106971,0.5310722852239866,0.5530283101583121,0.5749036439475704,0.5663653111078051,0.5569642971496742,0.01660026992064028
15.0,log2,4,600,0.5609196308947,0.5312490145996976,0.5528851729457364,0.5743245285943936,0.5681196954767536,0.5574996085022562,0.01671786045192263
15.0,log2,4,700,0.5611432115304186,0.5307865107822827,0.5535332323518881,0.5746177705216106,0.5646403509504506,0.5569442152273301,0.016470253016977635
15.0,log2,8,100,0.5676955019881975,0.5360418855990006,0.5460400833094139,0.5847351445568616,0.5785950205521434,0.5626215272011235,0.020924455857692925
15.0,log2,8,200,0.5642753186931913,0.5354951431720014,0.5526346730013847,0.5814284167018857,0.5725679754108742,0.5612803053958675,0.017902161452113458
15.0,log2,8,300,0.5640921059690236,0.536894270772668,0.5520366832431687,0.5779222718864097,0.5699515172775901,0.5601793698297721,0.016078822455139034
15.0,log2,8,400,0.5659468147196646,0.5354781214158464,0.551393591538411,0.577241857186109,0.5712199126659068,0.5602560595051876,0.01683447094743008
15.0,log2,8,500,0.5677830971461189,0.5356401593587177,0.5507584000755964,0.5790728719822305,0.5708168927850951,0.5608142842695517,0.017441688043549047
15.0,log2,8,600,0.5689531546360709,0.5355771008411412,0.55388060206199,0.5789508666129675,0.5729513991269245,0.5620626246558188,0.017462001565959822
15.0,log2,8,700,0.5681993457041107,0.5351831915797497,0.5534364317954443,0.5783618392660745,0.5711144225204442,0.5612590461731647,0.017167885867107296
15.0,log2,16,100,0.5704149056153143,0.5358994107578662,0.5584777871530479,0.5858220145617027,0.5818778261054014,0.5664983888386665,0.020161201702625704
15.0,log2,16,200,0.5677454133344086,0.5389413438077271,0.5640468868911898,0.5802350035629581,0.5757089994061755,0.5653355294004918,0.01607579223144119
15.0,log2,16,300,0.5700743596749197,0.5394696410140973,0.5621770257852003,0.5816050321807156,0.5738324596596853,0.5654317036629236,0.01611152643743444
15.0,log2,16,400,0.5730582765404573,0.5398845993376666,0.5629981094444745,0.5840127726934641,0.5754990077828025,0.5670905531597731,0.016952797441542045
15.0,log2,16,500,0.5746835429615975,0.5420538308354043,0.5619375743485862,0.5840112101837329,0.5759021870488277,0.5677176690756297,0.01637857826220207
15.0,log2,16,600,0.5758034122166164,0.5426618949461252,0.5644645366956942,0.5833326729657977,0.5792448147138952,0.5691014663076257,0.01636217351707509
15.0,log2,16,700,0.574780630348367,0.5425551354127838,0.564045900957945,0.5829666875270841,0.5771678735155543,0.5683032455523469,0.015942434193237508
15.0,,2,100,0.5226038300653594,0.5077223774509806,0.5301744959150329,0.5428723669467791,0.5400162097787835,0.5286778560313872,0.014215380849096647
15.0,,2,200,0.5161112708521869,0.5092686249999996,0.5264309914215681,0.5448244261204483,0.5356326132460676,0.5264535853280542,0.014352954274454422
15.0,,2,300,0.5214677353066867,0.5083733196078425,0.5212380177015243,0.5471530703003423,0.5333835591575088,0.526323140414781,0.014623311788321523
15.0,,2,400,0.5225067993354069,0.5086394025997898,0.5219062346813724,0.5489747163604478,0.5326793648338178,0.526941303562167,0.014986435132352415
15.0,,2,500,0.521750524762443,0.5088127244047627,0.519601201470589,0.549007296244288,0.5310464778614523,0.526043644948707,0.01507645680914504
15.0,,2,600,0.5228927444915783,0.5085833716444922,0.5206683550674557,0.5478928688940501,0.5300890883867222,0.5260252856968597,0.014469239554736326
15.0,,2,700,0.5217937320432016,0.5085479676020419,0.5197503499694759,0.5490184940660484,0.5290531717620848,0.5256327430885704,0.01499852317005188
15.0,,4,100,0.5251102128440186,0.510829532367061,0.5229906374823435,0.5448046336183966,0.5381638465450125,0.5283797725713664,0.013353350637417554
15.0,,4,200,0.5182573426727546,0.5106581365614775,0.5212093454432277,0.5462327609523099,0.5345925324914464,0.5261900236242433,0.01415351169159768
15.0,,4,300,0.524315746433205,0.5091626764330713,0.5181214824503201,0.5466466116333466,0.5318044411556307,0.5260101916211147,0.014215983992297596
15.0,,4,400,0.5250947495382132,0.50919472369111,0.5203177650921856,0.5469448713715859,0.5304305301469633,0.5263965279680115,0.013901939125286093
15.0,,4,500,0.5246970503250176,0.5084435870707619,0.5195557882315452,0.547330377938949,0.5294167959711908,0.5258887199074929,0.014300793505487326
15.0,,4,600,0.5250794270781365,0.5076427875068246,0.5200815453429518,0.5477328149009062,0.5294882012359912,0.5260049552129621,0.014640231206855505
15.0,,4,700,0.5238060632475792,0.5084549371515545,0.5196354686288467,0.5489654502733126,0.5288823981642732,0.5259488634931133,0.014906851605265555
15.0,,8,100,0.5241604544374263,0.5093293427866953,0.5274994047134306,0.5421756316156636,0.5373016495529925,0.5280932966212417,0.012757466846485972
15.0,,8,200,0.5178361846486138,0.5091493727757359,0.5231674472693935,0.5458647943975354,0.535069478766415,0.5262174555715387,0.01445029360287488
15.0,,8,300,0.5236431509935585,0.509409348534938,0.5215337401626463,0.5488932779181606,0.5331842663140703,0.5273327567846746,0.014727411375418517
15.0,,8,400,0.5237985929376494,0.5101053961333496,0.5226132321791148,0.5494137769499694,0.5315072514341564,0.5274876499268479,0.01446049860224546
15.0,,8,500,0.5228576018246792,0.5093910358768526,0.5215824274870688,0.5486611612228723,0.5301229544003988,0.5265230361623743,0.014443047196352688
15.0,,8,600,0.5231398462774144,0.5090989087574862,0.5218858816274482,0.5486959179521177,0.5300401565010424,0.5265721422231018,0.014496069787298034
15.0,,8,700,0.5226146709904215,0.5094337491199672,0.5209844644831674,0.5500207821231292,0.5293063601308671,0.5264720053695104,0.014982262537927048
15.0,,16,100,0.5251831048356049,0.5135617834795939,0.5291009905160478,0.5419636402088611,0.5476103337128105,0.5314839705505836,0.013568966034644943
15.0,,16,200,0.5204614240487776,0.514910721683145,0.5234960990043014,0.5458662258171332,0.5426653585479452,0.5294799658202605,0.013890353942128173
15.0,,16,300,0.5260361578230335,0.5147791026465586,0.5217632192382978,0.547940238332967,0.5413110728577345,0.5303659581797182,0.013823487368012182
15.0,,16,400,0.5270992509412682,0.5153097975714457,0.5240607585857502,0.5486025706260305,0.5408128843186778,0.5311770524086346,0.013374769347474514
15.0,,16,500,0.5269006423841622,0.5152531496175565,0.5235482245325472,0.547301167006249,0.5388148590862004,0.530363608525343,0.012699134667415606
15.0,,16,600,0.527415654190975,0.5146866093769442,0.5244084640565428,0.5472307248199164,0.537353373572929,0.5302189652034615,0.012481729665424888
15.0,,16,700,0.5263528414953995,0.5146378242529964,0.5231902280348478,0.5488301307873196,0.5363683457638212,0.529875874066877,0.013140812570534293
20.0,sqrt,2,100,0.5576303872549022,0.5227649215686276,0.5411535196078433,0.5650870756302523,0.5698294215686277,0.5512930651260506,0.019304780793043593
20.0,sqrt,2,200,0.5528123848039217,0.5216539264705882,0.5386295980392153,0.5613287191876751,0.5636112009803925,0.5476071658963586,0.01750479812004453
20.0,sqrt,2,300,0.5520740985838778,0.5186778692810456,0.5395428235294115,0.5619681330532211,0.5574826307189544,0.5459491110333021,0.017406232803231777
20.0,sqrt,2,400,0.5519025665849671,0.5184442696078431,0.542150203431373,0.5619540850840339,0.5577457867647061,0.5464393822945846,0.01732419231119873
20.0,sqrt,2,500,0.5517333630718956,0.5201151921568632,0.5405034039215696,0.5604600102240906,0.5566116058823537,0.5458847150513546,0.01623837214459933
20.0,sqrt,2,600,0.5508744692265793,0.5192555767973863,0.5404421339869294,0.56063705427171,0.5568549003267982,0.5456128269218807,0.01659244708591999
20.0,sqrt,2,700,0.5498852239729223,0.518592257703082,0.540214759103643,0.5590502608043232,0.5549659453781524,0.5445416893924245,0.016123061509891255
20.0,sqrt,4,100,0.5635217488244871,0.525183670152859,0.5447463729899186,0.5542878491391506,0.5503206327172829,0.5476120547647396,0.01428518076943874
20.0,sqrt,4,200,0.5564023643333653,0.5243859698478128,0.5359722160015088,0.5595883415246655,0.5487515923514936,0.5450200968117691,0.014691367955642751
20.0,sqrt,4,300,0.5559446527488308,0.5255070265383761,0.5380606865724957,0.5632928738457168,0.5493542049296201,0.5464318889270079,0.014926924613104346
20.0,sqrt,4,400,0.5529795997879232,0.5258482284058195,0.5384775757069656,0.5609105458090182,0.5507703142885095,0.5457972527996472,0.013750184738993214
20.0,sqrt,4,500,0.5515173829912732,0.5241029481694178,0.5381543715730565,0.5626717593459807,0.5522665346297764,0.545742599341901,0.014902701263695356
20.0,sqrt,4,600,0.5505290399975613,0.52425902326614,0.5392713400440333,0.5641873404006211,0.5546351767455763,0.5465763840907863,0.015347163195682354
20.0,sqrt,4,700,0.5489724678463416,0.5234773597039674,0.5385158661613046,0.5633444741046418,0.5515674363732906,0.5451755208379092,0.015004544733272764
20.0,sqrt,8,100,0.5567323936450794,0.5257809711088621,0.5511708794631176,0.5604883434427818,0.5585426990929785,0.5505430573505639,0.01427205261057549
20.0,sqrt,8,200,0.5579785932078105,0.525921289361305,0.543414319566232,0.5606456942427791,0.5551240860777877,0.5486167964911829,0.01429015611078774
20.0,sqrt,8,300,0.5530991341623002,0.5261275513693529,0.5441282309496869,0.5607204130478413,0.5534706041678801,0.5475091867394123,0.013322234268975592
20.0,sqrt,8,400,0.5537720829748085,0.5254814889539041,0.5435215090004755,0.5602201665682455,0.5535907214951384,0.5473171937985144,0.013589653044522237
20.0,sqrt,8,500,0.5529412532636451,0.5244696345990791,0.5411897390977755,0.5625832088438747,0.5525646769347811,0.5467497025478311,0.01457878398890998
20.0,sqrt,8,600,0.5528791223202653,0.5251626679101218,0.5435059199354808,0.5640460801696152,0.5544964452983164,0.5480180471267599,0.014707355209686886
20.0,sqrt,8,700,0.5529381092980842,0.5251339761898581,0.5438696906766738,0.5627116618016706,0.5531245071048255,0.5475555890142225,0.01419511785654578
20.0,sqrt,16,100,0.566749764888785,0.5294801798528583,0.5475480581518541,0.5795773396055521,0.5664949828154755,0.557970065062905,0.019601807647622732
20.0,sqrt,16,200,0.5606234632743026,0.5272086190807728,0.5460120538778757,0.5782326654096015,0.5670046659731922,0.555816293523149,0.019781964258333687
20.0,sqrt,16,300,0.560734010446471,0.5287121918102708,0.5476858167940328,0.5749259141968244,0.5643557642221014,0.5552827394939401,0.017759488195344158
20.0,sqrt,16,400,0.561592724801306,0.5296692160752245,0.548786355809009,0.5751609088094135,0.563147072185936,0.5556712555361777,0.01727936716095055
20.0,sqrt,16,500,0.5611501578344531,0.5301695130872884,0.5482593539347003,0.5745808421998657,0.5630754752886474,0.5554470684689911,0.016936920930340566
20.0,sqrt,16,600,0.5606941836459366,0.5313450685832001,0.5498058965467902,0.5753454819075846,0.5627605474029299,0.5559902356172883,0.01649409072642418
20.0,sqrt,16,700,0.5613265988685583,0.5327481233970537,0.549172286135529,0.5733267874328752,0.5598808510495817,0.5552909293767196,0.0152348675703905
20.0,log2,2,100,0.5645181470588234,0.5305088843137257,0.5575306688453159,0.5797255588235295,0.5704995294117651,0.5605565576906318,0.018668329866862076
20.0,log2,2,200,0.5612487647058824,0.5284586627450977,0.5524105893246182,0.5714599436274509,0.565655529411765,0.5558466979629628,0.016815768309351435
20.0,log2,2,300,0.5628947843137253,0.5269131084967316,0.5525146151053009,0.5723944852941175,0.561891750544662,0.5553217487509075,0.017370412809393602
20.0,log2,2,400,0.5628849607843136,0.5302720176470586,0.5532510961328978,0.5736975772058822,0.5637197589869279,0.5567650821514161,0.016483024583702103
20.0,log2,2,500,0.5633302278867099,0.5297978396078435,0.5527467455337699,0.5714965205882353,0.563892896405229,0.5562528460043575,0.016224899253963938
20.0,log2,2,600,0.5640058729121272,0.5297059202614387,0.5546994681861359,0.5713224959150331,0.5647664120370373,0.5569000338623544,0.016315196671234312
20.0,log2,2,700,0.5633055801431677,0.5301754008403369,0.554851378893439,0.5711058396358548,0.5629801959617184,0.5564836790949034,0.015790349528001877
20.0,log2,4,100,0.5615544796251406,0.5414207563631084,0.5493155354182583,0.5776216414859379,0.5730703053715347,0.560596543652796,0.015340618419233362
20.0,log2,4,200,0.5576508057718831,0.5348870967985722,0.549934782781597,0.5730073109118143,0.5656215676501876,0.5562203127828108,0.014721134476346091
20.0,log2,4,300,0.5575844735353428,0.5284429423996391,0.5507494562184634,0.573118862557169,0.5629521690288379,0.5545695807478905,0.016737889676183747
20.0,log2,4,400,0.5594146937112112,0.5282448994869307,0.5520945015539604,0.5742433720938785,0.5658658591170539,0.555972665192607,0.017517210974201707
20.0,log2,4,500,0.5594971397559141,0.5308986354927643,0.5528535761292139,0.5753512834819102,0.5660390168573475,0.55692793034343,0.01675676899062158
20.0,log2,4,600,0.5607692575737763,0.5312047238148474,0.5529514641636324,0.5743924864404705,0.5678128350831904,0.5574261534151834,0.01669208024780002
20.0,log2,4,700,0.5610552196142289,0.5306955773270072,0.5536436363138146,0.5747013145528529,0.5644752933432309,0.556914208230227,0.01649857858878013
20.0,log2,8,100,0.5676217766224412,0.5361686760454142,0.5461590551001504,0.5851245501994216,0.5785557896931331,0.5627259695321121,0.020952333046945527
20.0,log2,8,200,0.5642432843359348,0.5356312444882436,0.5522876468401139,0.5816125244134552,0.5726008320866733,0.5612751064328843,0.017951843896470455
20.0,log2,8,300,0.5642135852923228,0.5366098364432674,0.5518134839122617,0.5780918317893609,0.5698505836304906,0.5601158642135406,0.01624926421916618
20.0,log2,8,400,0.5660032327981404,0.5352692410108449,0.5513955022856296,0.5773458665072618,0.5710101360943368,0.5602047957392428,0.016908423199358754
20.0,log2,8,500,0.5678256867648654,0.5356116119546267,0.5506894052130449,0.5791257107196174,0.5706640745127299,0.560783297832977,0.017458304172715242
20.0,log2,8,600,0.5689354717391742,0.5355200711621669,0.5538171303279646,0.5790077086373892,0.5728679474868297,0.5620296658707049,0.017490117144565453
20.0,log2,8,700,0.5681139103539095,0.535171041980755,0.5533820274519939,0.5783427021005665,0.5710806297967166,0.5612180623367882,0.01716047024384361
20.0,log2,16,100,0.5704149056153143,0.5358994107578662,0.5584777871530479,0.5858220145617027,0.5818778261054014,0.5664983888386665,0.020161201702625704
20.0,log2,16,200,0.5677454133344086,0.5389413438077271,0.5640468868911898,0.5802350035629581,0.5757089994061755,0.5653355294004918,0.01607579223144119
20.0,log2,16,300,0.5700743596749197,0.5394696410140973,0.5621770257852003,0.5816050321807156,0.5738324596596853,0.5654317036629236,0.01611152643743444
20.0,log2,16,400,0.5730582765404573,0.5398845993376666,0.5629981094444745,0.5840127726934641,0.5754990077828025,0.5670905531597731,0.016952797441542045
20.0,log2,16,500,0.5746835429615975,0.5420538308354043,0.5619375743485862,0.5840112101837329,0.5759021870488277,0.5677176690756297,0.01637857826220207
20.0,log2,16,600,0.5758034122166164,0.5426618949461252,0.5644645366956942,0.5833326729657977,0.5792448147138952,0.5691014663076257,0.01636217351707509
20.0,log2,16,700,0.574780630348367,0.5425551354127838,0.564045900957945,0.5829666875270841,0.5771678735155543,0.5683032455523469,0.015942434193237508
20.0,,2,100,0.5227955686274509,0.5077644607843139,0.5302716568627452,0.5428806372549022,0.5396093333333336,0.5286643313725492,0.014104315676920212
20.0,,2,200,0.5159130784313725,0.5093186666666663,0.5264238333333329,0.5448911715686275,0.5356793823529412,0.5264452264705881,0.014402848469339919
20.0,,2,300,0.5214029019607841,0.5083888464052282,0.5212044183006529,0.547389931372549,0.5333374803921566,0.5263447156862741,0.014705928084124272
20.0,,2,400,0.5224650955882348,0.5086118578431372,0.5219479044117646,0.5492487230392158,0.5326367475490195,0.5269820656862743,0.01509130371643362
20.0,,2,500,0.5216757254901955,0.508896727450981,0.5196802235294126,0.5492293196078439,0.5310479588235294,0.5261059909803925,0.015134297669929632
20.0,,2,600,0.5229176928104571,0.508629707516341,0.5207879248366026,0.5480661748366026,0.5300582434640524,0.5260919486928112,0.014506348138056336
20.0,,2,700,0.5217448823529409,0.5085909355742307,0.5198551708683482,0.5491483249299727,0.529023169467787,0.5256724966386559,0.015028212500695075
20.0,,4,100,0.5251102128440186,0.510829532367061,0.5231080476130624,0.544803489827547,0.5380772452378231,0.5283857055779023,0.013325458009955276
20.0,,4,200,0.5181509382771502,0.5106269139424299,0.5213853944628355,0.546232189056885,0.5345492318378516,0.5261889335154304,0.014155268355022451
20.0,,4,300,0.5241872990583576,0.5091418613537062,0.5182014949775532,0.5466262430337181,0.5317755740532343,0.5259864944953139,0.014204732039392164
20.0,,4,400,0.525022778590411,0.5091830658042052,0.5203777744876106,0.5469418883945167,0.5304088798201659,0.526386877419382,0.013898077180406431
20.0,,4,500,0.5246394735667759,0.5084289548088572,0.5196037957478852,0.5473211008009912,0.5293994757097529,0.5258785601268524,0.014296644067513988
20.0,,4,600,0.5250354881129352,0.5076305939552372,0.520118259886034,0.54774241578812,0.529415489494628,0.525988449447391,0.014640336182111469
20.0,,4,700,0.5237679247467942,0.5084444855359084,0.5196669382372029,0.5489736796052103,0.5288131230039059,0.5259332302258043,0.01490777686268592
20.0,,8,100,0.5241604544374263,0.5093293427866953,0.5274994047134306,0.5421756316156636,0.5373016495529925,0.5280932966212417,0.012757466846485972
20.0,,8,200,0.5178361846486138,0.5091493727757359,0.5230991976778903,0.5458647943975354,0.535069478766415,0.5262038056532381,0.014453926723246737
20.0,,8,300,0.5236431509935585,0.509409348534938,0.5214882404349774,0.5488932779181606,0.5331842663140703,0.527323656839141,0.014731903702657544
20.0,,8,400,0.5237985929376494,0.5101053961333496,0.5225886049323827,0.5494137769499694,0.5315072514341564,0.5274827244775014,0.014462578016041044
20.0,,8,500,0.5228576018246792,0.5093910358768526,0.5215627256896832,0.5486611612228723,0.5301229544003988,0.5265190958028972,0.014444734659514399
20.0,,8,600,0.5231398462774144,0.5090989087574862,0.5218694634629601,0.5486959179521177,0.5300401565010424,0.5265688585902042,0.014497398493801796
20.0,,8,700,0.5226146709904215,0.5094337491199672,0.520970391770749,0.5500207821231292,0.5293063601308671,0.5264691908270268,0.014983552404420255
20.0,,16,100,0.5251831048356049,0.5135617834795939,0.5291009905160478,0.5419636402088611,0.5476103337128105,0.5314839705505836,0.013568966034644943
20.0,,16,200,0.5204614240487776,0.514910721683145,0.5234960990043014,0.5458662258171332,0.5426653585479452,0.5294799658202605,0.013890353942128173
20.0,,16,300,0.5260361578230335,0.5147791026465586,0.5217632192382978,0.547940238332967,0.5413110728577345,0.5303659581797182,0.013823487368012182
20.0,,16,400,0.5270992509412682,0.5153097975714457,0.5240607585857502,0.5486025706260305,0.5408128843186778,0.5311770524086346,0.013374769347474514
20.0,,16,500,0.5269006423841622,0.5152531496175565,0.5235482245325472,0.547301167006249,0.5388148590862004,0.530363608525343,0.012699134667415606
20.0,,16,600,0.527415654190975,0.5146866093769442,0.5244084640565428,0.5472307248199164,0.537353373572929,0.5302189652034615,0.012481729665424888
20.0,,16,700,0.5263528414953995,0.5146378242529964,0.5231902280348478,0.5488301307873196,0.5363683457638212,0.529875874066877,0.013140812570534293
