,0,1,2,3,4,mean,std,type
SlogP,0.10536704,0.10430074,0.0819107,0.091754034,0.10458058,0.097582616,0.009319692,2D
density,0.061097756,0.08056656,0.061871123,0.07072958,0.07915384,0.07068378,0.00823369,2D
GCUT_SLOGP_1,0.036908954,0.039302666,0.03505291,0.0575466,0.04793127,0.04334848,0.008357526,2D
vsa_pol,0.037969388,0.027962118,0.033257402,0.033207294,0.031497374,0.032778718,0.0032310167,2D
opr_nrot,0.032953303,0.016381668,0.04402551,0.041621387,0.027404472,0.032477267,0.01002003,2D
GCUT_PEOE_0,0.030788315,0.026552115,0.039114296,0.02512346,0.03328871,0.03097338,0.005008766,2D
E_str,0.015681798,0.019802248,0.04782438,0.03504342,0.011177439,0.025905857,0.013584022,3D
dih_cos_mem_wat,0.017698742,0.019672414,0.036499977,0.016572973,0.017589793,0.02160678,0.0075139506,diffPS3D
vsurf_CW5_sur,0.018693727,0.034076612,0.0077207116,0.014955842,0.024449643,0.019979307,0.008898078,PS3D
vsurf_IW1_mem - vsurf_IW1_sur,0.019560356,0.03159179,0.014029262,0.013985309,0.01100248,0.01803384,0.007321415,diffPS3D
PEOE_VSA-6,0.016489135,0.02197736,0.017343663,0.018088894,0.014122914,0.017604392,0.0025608614,2D
balabanJ,0.018666789,0.02024392,0.008144631,0.009369426,0.025354171,0.016355786,0.0065979017,2D
GCUT_SMR_1,0.027006013,0.0064680474,0.0066032936,0.019556798,0.018495567,0.015625944,0.007980823,2D
E_sol_mem,0.018752908,0.012011569,0.012175133,0.01618673,0.008942456,0.013613759,0.0034493117,PS3D
BCUT_PEOE_0,0.015379241,0.0096042305,0.009685247,0.019064168,0.010825456,0.012911668,0.003732114,2D
vsurf_W8_wat,0.013382984,0.021324407,0.010804642,0.010781953,0.00795693,0.012850183,0.004571697,PS3D
h_pstrain,0.008280561,0.019287415,0.016701581,0.010330584,0.004893262,0.01189868,0.005334545,2D
SlogP_VSA8,0.013814851,0.010001718,0.016149675,0.00900491,0.00956659,0.011707549,0.0027918108,2D
vsurf_ID8_mem - vsurf_ID8_sur,0.009004505,0.011753789,0.010100494,0.012638338,0.012080729,0.0111155715,0.0013523794,diffPS3D
vsurf_HL2_mem - vsurf_HL2_wat,0.008209584,0.010663596,0.010038417,0.009229213,0.016957797,0.011019722,0.0030806921,diffPS3D
vsurf_Wp7_mem - vsurf_Wp7_wat,0.016442752,0.00781996,0.010813336,0.010968886,0.008879386,0.010984864,0.0029754955,diffPS3D
dih_emd_mem_sur,0.011456091,0.009517739,0.008834713,0.00941782,0.014288307,0.010702934,0.0019984294,diffPS3D
vsurf_ID8_sur - vsurf_ID8_wat,0.011890898,0.009524435,0.009230559,0.009059379,0.0117484,0.010290734,0.0012579934,diffPS3D
dih_emd_mem_wat,0.009736967,0.011764426,0.009226792,0.008812694,0.00733539,0.009375254,0.0014379526,diffPS3D
dipole_mem - dipole_wat,0.009097531,0.011560713,0.0075292056,0.0047667082,0.011688158,0.008928463,0.0026019746,diffPS3D
dih_emd_sur_wat,0.010348639,0.0060918564,0.011432455,0.0063742,0.009431706,0.00873577,0.002141265,diffPS3D
vsurf_W8_sur - vsurf_W8_wat,0.0046158456,0.013838845,0.0070723104,0.010137925,0.0077977665,0.008692538,0.0031182943,diffPS3D
LW_contacts_mem - LW_contacts_wat,0.009874077,0.010298812,0.0056577646,0.0092972955,0.008096729,0.008644936,0.0016670566,diffPS3D
LW_contacts_mem - LW_contacts_sur,0.008259154,0.008551526,0.009824534,0.010744007,0.005755769,0.0086269975,0.0016911996,diffPS3D
vsurf_IW8_wat,0.0068065007,0.00439413,0.0050544203,0.008638843,0.017345788,0.008447936,0.0046872552,PS3D
npr2_sur - npr2_wat,0.0081119435,0.005991022,0.010392816,0.006783325,0.0108911805,0.008434057,0.0019324225,diffPS3D
LW_contacts_sur - LW_contacts_wat,0.0066608284,0.009444768,0.012457241,0.0065356838,0.0055777687,0.008135257,0.002516652,diffPS3D
dih_cos_mem_sur,0.0076441835,0.00962038,0.008966992,0.009319253,0.005003754,0.0081109125,0.0016937366,diffPS3D
vsurf_EDmin1_sur,0.006593259,0.008920971,0.009397502,0.009695843,0.0057765227,0.00807682,0.0015855818,PS3D
vsurf_IW1_mem - vsurf_IW1_wat,0.007523937,0.0054486752,0.011769001,0.0053644595,0.010201266,0.008061467,0.0025578905,diffPS3D
vsurf_IW1_sur - vsurf_IW1_wat,0.008492687,0.009142044,0.0065166424,0.008230227,0.007357043,0.007947729,0.0009165251,diffPS3D
vsurf_ID6_mem - vsurf_ID6_wat,0.008050278,0.006928608,0.0058835326,0.009076109,0.009788052,0.007945316,0.001412093,diffPS3D
vsurf_EDmin3_mem - vsurf_EDmin3_wat,0.010231578,0.006001503,0.0081498725,0.0072337207,0.008104954,0.007944325,0.0013841309,diffPS3D
vsurf_IW2_mem - vsurf_IW2_wat,0.0076367897,0.008332097,0.008318184,0.006171067,0.008665358,0.007824698,0.00089190766,diffPS3D
vsurf_DD13_sur - vsurf_DD13_wat,0.0090541085,0.005387804,0.008145001,0.0061841514,0.010162141,0.0077866414,0.0017720208,diffPS3D
vsurf_IW7_sur,0.007898748,0.0065169167,0.0055381656,0.008778814,0.010022986,0.007751126,0.0015912101,PS3D
vsurf_ID8_sur,0.009880823,0.008612705,0.0051177396,0.009052031,0.00601359,0.007735378,0.0018397173,PS3D
rsynth,0.011468265,0.005513339,0.005395293,0.010292429,0.0058889636,0.007711658,0.002618887,2D
dipole_wat,0.008701708,0.006256499,0.009025693,0.0093514165,0.0052227345,0.0077116103,0.0016557731,PS3D
npr2_mem - npr2_sur,0.0059822067,0.008078678,0.008142884,0.0070138643,0.0092535755,0.007694242,0.0011112668,diffPS3D
vsurf_DW12_wat,0.008325395,0.0108892,0.0054929955,0.0074295048,0.005618706,0.0075511606,0.0019863115,PS3D
npr2_sur,0.00563913,0.010059022,0.0049024415,0.008363557,0.008006524,0.007394135,0.0018817547,PS3D
E_sol_mem - E_sol_wat,0.006276314,0.0046141045,0.0049363133,0.008268468,0.012776029,0.0073742457,0.0029915296,diffPS3D
mid_p_axis_mem - mid_p_axis_wat,0.005195692,0.0036537466,0.006860498,0.010064472,0.010922495,0.0073393807,0.0027811315,diffPS3D
std_dim3_mem - std_dim3_sur,0.004685332,0.0057665687,0.005644967,0.008560343,0.011724665,0.007276375,0.0025725616,diffPS3D
vsurf_DD13_mem - vsurf_DD13_sur,0.007926069,0.007021121,0.009784035,0.0066051176,0.0049696118,0.0072611915,0.0015840585,diffPS3D
npr2_mem,0.00891758,0.006651198,0.0056900484,0.0074971747,0.007480161,0.007247233,0.0010664772,PS3D
vsurf_HL1_mem - vsurf_HL1_sur,0.008364954,0.0050311894,0.0081447195,0.005641818,0.008723292,0.0071811946,0.0015297014,diffPS3D
dipole_sur,0.006809436,0.0067862975,0.0082203755,0.0077676773,0.0059795757,0.007112672,0.00079226494,PS3D
vsurf_DW12_mem,0.008438479,0.0054379543,0.007570639,0.0076842685,0.00641978,0.007110224,0.0010563114,PS3D
glob_sur - glob_wat,0.006567656,0.009765788,0.00582211,0.00371541,0.009643146,0.007102822,0.0023214573,diffPS3D
vsurf_Wp8_sur - vsurf_Wp8_wat,0.0068798615,0.008718287,0.008622434,0.00422408,0.0070131375,0.0070915604,0.001628694,diffPS3D
vsurf_EDmin2_wat,0.0046948753,0.007951947,0.007749011,0.00624693,0.008708112,0.007070175,0.0014311505,PS3D
opr_violation,0.0037967141,0.0028061222,0.010847156,0.011184517,0.0065984125,0.007046584,0.003473064,2D
SMR_VSA1,0.009297251,0.008986507,0.00524218,0.004765085,0.006683766,0.006994958,0.0018659165,2D
dE_vdw_mem - dE_vdw_sur,0.0067038736,0.009086526,0.0050970265,0.0077749183,0.006293691,0.0069912067,0.0013536302,diffPS3D
dipole_mem,0.007057987,0.009151606,0.005763952,0.0074456017,0.0048380992,0.0068514487,0.0014780138,PS3D
vsurf_DD12_sur,0.010373381,0.006216672,0.0046116267,0.0057512596,0.007142924,0.0068191723,0.001955194,PS3D
in_hbond_mem - in_hbond_wat,0.0075140567,0.0058269217,0.0059576486,0.0052193925,0.0093028825,0.00676418,0.0014780149,diffPS3D
vsurf_IW7_sur - vsurf_IW7_wat,0.006674399,0.0061881524,0.0074851043,0.007266465,0.005827469,0.006688318,0.0006261858,diffPS3D
mid_p_axis_sur - mid_p_axis_wat,0.0079252515,0.0053956574,0.0068040653,0.004103305,0.009155778,0.006676811,0.0017879801,diffPS3D
std_dim2_mem,0.005863461,0.005274784,0.009267784,0.005548561,0.007280212,0.006646961,0.0014814144,PS3D
E_sol_mem - E_sol_sur,0.0051110648,0.005129017,0.009439354,0.008534461,0.00499662,0.006642103,0.001936324,diffPS3D
vsurf_IW8_mem - vsurf_IW8_wat,0.0040940926,0.010025958,0.007820124,0.004408846,0.006716781,0.00661316,0.00220542,diffPS3D
dih_cos_sur_wat,0.006082837,0.007548876,0.0054537803,0.008135715,0.004879137,0.0064200684,0.0012360871,diffPS3D
vsurf_CW3_sur - vsurf_CW3_wat,0.00549185,0.0066123544,0.007462964,0.005745794,0.0058051147,0.0062236153,0.00072471227,diffPS3D
min_p_axis_mem - min_p_axis_sur,0.00575536,0.0060818726,0.006536494,0.0071439375,0.005473415,0.0061982158,0.00059056166,diffPS3D
vsurf_IW7_mem,0.006646705,0.0068190536,0.0045326375,0.006085757,0.005873031,0.0059914365,0.0008081259,PS3D
max_p_axis_sur - max_p_axis_wat,0.00715326,0.006657516,0.005067886,0.00705614,0.0038041673,0.005947794,0.0013080259,diffPS3D
vsurf_DD23_wat,0.0054879477,0.0034277043,0.0076446603,0.00783026,0.005020329,0.0058821803,0.0016627695,PS3D
vsurf_IW2_sur - vsurf_IW2_wat,0.0033675681,0.0062406524,0.005468366,0.0057412614,0.007932181,0.0057500056,0.0014668352,diffPS3D
vsurf_DD12_mem,0.0051374077,0.0037537676,0.008248105,0.0057273083,0.0037587963,0.0053250766,0.001653079,PS3D
vsurf_ID8_wat,0.0045277644,0.0062341406,0.0053286017,0.0050221547,0.0051976126,0.005262055,0.0005568243,PS3D
npr2_wat,0.0043920544,0.0051212097,0.0055125696,0.0052524507,0.0045365146,0.00496296,0.00042865076,PS3D
dipole_sur - dipole_wat,0.009399776,0.0042673736,0.0036608847,0.0043752934,0.0028157723,0.0049038203,0.002315291,diffPS3D
vsurf_IW8_mem - vsurf_IW8_sur,0.0037154383,0.0047490895,0.0045099617,0.0045158872,0.006230277,0.00474413,0.000821437,diffPS3D
in_hbond_sur - in_hbond_wat,0.006071412,0.0043461476,0.005202197,0.0038853786,0.0033292642,0.00456688,0.0009707836,diffPS3D
entropy_sur - entropy_wat,0.0036219342,0.0041807685,0.0048041865,0.0040518185,0.0042839195,0.0041885255,0.00038155293,diffPS3D
E_stb_sur,0.0009999356,0.00037635252,0.015589721,0.0036817275,0.0002192968,0.0041734064,0.0058429018,PS3D
out_hbond_mem,0.0029920503,0.0031392565,0.0037788842,0.0024308558,0.0029364184,0.0030554929,0.00043328665,PS3D
r_p_axis_sur,0.002222641,0.0026371188,0.002371389,0.00257217,0.002822784,0.0025252204,0.00020903975,PS3D
min_p_axis_mem,0.0014980477,0.0018878201,0.001734238,0.0021531992,0.002156688,0.0018859986,0.0002522734,PS3D
PEOE_VSA-3,0.0033421004,0.0,0.00082675624,0.00093448214,0.0011228557,0.0012452389,0.001116613,2D
E_stb_wat,0.00019955309,0.0010745035,0.00060183875,0.0009788021,0.0009338228,0.000757704,0.00032127576,PS3D
in_hbond_wat,0.00059629604,0.0005418747,0.00052012375,0.0005173032,0.0004778359,0.00053068675,3.876508e-05,PS3D
mutagenic,0.0,0.00076463673,0.0,0.0,0.0,0.00015292734,0.0003058547,2D
SlogP_VSA6,0.0,0.0,0.00042153345,0.0,0.0,8.430669e-05,0.00016861338,2D
SMR_VSA4,0.0,0.0,0.0,0.0,0.0,0.0,0.0,2D
PEOE_VSA-4,0.0,0.0,0.0,0.0,0.0,0.0,0.0,2D
