,Set,PAMPA,Caco2
D8.1,2022_Bhardwaj,-5.16,-4.63
D8.2,2022_Bhardwaj,-5.13,-4.93
D8.4,2022_Bhardwaj,-6.87,
D8.5,2022_Bhardwaj,-5.24,-4.67
D8.6,2022_Bhardwaj,-5.47,-6.13
D8.10,2022_Bhardwaj,-5.91,-5.41
D8.11,2022_Bhardwaj,-9,
D8.12,2022_Bhardwaj,-6.74,
D8.15,2022_Bhardwaj,-6.11,
D8.16,2022_Bhardwaj,-5.67,
D8.17,2022_Bhardwaj,-6.14,
D8.18,2022_Bhardwaj,-5.98,
D8.19,2022_Bhardwaj,-5.54,
D8.20,2022_Bhardwaj,-5.97,
D8.21,2022_Bhardwaj,-5.69,-4.95
D8.22,2022_Bhardwaj,-6.67,
D8.24,2022_Bhardwaj,-9,
D8.25,2022_Bhardwaj,-6.08,
D8.26,2022_Bhardwaj,-6.59,-6.19
D8.27,2022_Bhardwaj,-6.55,
D8.28,2022_Bhardwaj,-5.94,
D8.29,2022_Bhardwaj,-6.44,
D8.30,2022_Bhardwaj,-5.36,-5.4
D8.31,2022_Bhardwaj,-5.61,-6.03
D8.32,2022_Bhardwaj,-5.27,-5.56
D9.1,2022_Bhardwaj,-5.8,-6.05
D9.5,2022_Bhardwaj,-5.45,
D9.6,2022_Bhardwaj,-5.79,-5.32
D9.10,2022_Bhardwaj,-6.08,
D9.11,2022_Bhardwaj,-6.65,
D9.12,2022_Bhardwaj,-9,
D9.14,2022_Bhardwaj,-6.23,
D9.15,2022_Bhardwaj,-6.07,
D9.16,2022_Bhardwaj,-5.49,-5.61
D9.17,2022_Bhardwaj,-5.76,
D9.18,2022_Bhardwaj,-5.75,
D9.19,2022_Bhardwaj,-5.89,
D9.20,2022_Bhardwaj,-9,
D9.21,2022_Bhardwaj,-6.53,
D9.22,2022_Bhardwaj,-6.72,
D9.23,2022_Bhardwaj,-6.85,
D9.24,2022_Bhardwaj,-7.06,
D9.25,2022_Bhardwaj,-5.66,
D9.26,2022_Bhardwaj,-5.63,
D9.27,2022_Bhardwaj,-7.48,
D9.28,2022_Bhardwaj,-5.8,
D9.29,2022_Bhardwaj,-5.82,
D9.30,2022_Bhardwaj,-5.8,-5.64
D9.31,2022_Bhardwaj,-7.16,
D9.32,2022_Bhardwaj,-6.62,
D9.33,2022_Bhardwaj,-6.5,
D9.34,2022_Bhardwaj,-9,
D9.35,2022_Bhardwaj,-9,
D9.36,2022_Bhardwaj,-9,
D9.37,2022_Bhardwaj,-9,
D9.41,2022_Bhardwaj,-5.46,
D9.43,2022_Bhardwaj,-5.67,
D10.6,2022_Bhardwaj,-5.91,
D10.7,2022_Bhardwaj,-9,
D10.18,2022_Bhardwaj,-7.02,
D10.21,2022_Bhardwaj,-9,
D10.22,2022_Bhardwaj,-9,
D10.23,2022_Bhardwaj,-9,
D10.25,2022_Bhardwaj,-6.34,
D10.26,2022_Bhardwaj,-5.82,
D10.27,2022_Bhardwaj,-6.31,
D10.28,2022_Bhardwaj,-6.74,
D10.29,2022_Bhardwaj,-6.36,
D10.31,2022_Bhardwaj,-5.72,-5.55
D10.32,2022_Bhardwaj,-5.5,
D10.35,2022_Bhardwaj,-6.55,
D10.37,2022_Bhardwaj,-6.18,
D10.38,2022_Bhardwaj,-9,
D10.39,2022_Bhardwaj,-5.83,
D10.40,2022_Bhardwaj,-6.15,
D10.43,2022_Bhardwaj,-6.79,
D10.45,2022_Bhardwaj,-6.31,
D10.46,2022_Bhardwaj,-6.16,
D10.48,2022_Bhardwaj,-6.39,
D10.49,2022_Bhardwaj,-6.77,
D10.53,2022_Bhardwaj,-9,
D10.54,2022_Bhardwaj,-9,
D10.58,2022_Bhardwaj,-6.46,
D10.62,2022_Bhardwaj,-5.37,
D10.66,2022_Bhardwaj,-9,
K4.1,2021_Kelly,-6.47,
K4.2,2021_Kelly,-6.64,
K4.3,2021_Kelly,-6.83,
K4.4,2021_Kelly,-7,
K4.5,2021_Kelly,-7.11,
K4.6,2021_Kelly,-7.12,
K4.7,2021_Kelly,-7.14,
K4.8,2021_Kelly,-7.16,
K4.9,2021_Kelly,-7.17,
K4.10,2021_Kelly,-7.26,
K4.11,2021_Kelly,-7.27,
K4.12,2021_Kelly,-7.3,
K4.13,2021_Kelly,-7.32,
K4.14,2021_Kelly,-7.36,
K4.15,2021_Kelly,-7.45,
K4.16,2021_Kelly,-7.47,
K4.17,2021_Kelly,-5.36,
K4.18,2021_Kelly,-5.86,
K4.19,2021_Kelly,-6.13,
K4.20,2021_Kelly,-6.18,
K4.21,2021_Kelly,-6.31,
K4.22,2021_Kelly,-6.35,
K4.23,2021_Kelly,-6.36,
K4.24,2021_Kelly,-6.41,
K4.25,2021_Kelly,-6.44,
K4.26,2021_Kelly,-6.46,
K4.27,2021_Kelly,-6.5,
K4.28,2021_Kelly,-6.51,
K4.29,2021_Kelly,-6.56,
K4.30,2021_Kelly,-6.64,
K4.31,2021_Kelly,-6.64,
K4.32,2021_Kelly,-6.75,
K4.33,2021_Kelly,-6.76,
K4.34,2021_Kelly,-6.78,
K4.35,2021_Kelly,-6.79,
K4.36,2021_Kelly,-6.8,
K4.37,2021_Kelly,-6.85,
K4.38,2021_Kelly,-6.88,
K4.39,2021_Kelly,-7.08,
K4.40,2021_Kelly,-4.96,
K4.41,2021_Kelly,-5.02,
K4.42,2021_Kelly,-5.32,
K4.43,2021_Kelly,-5.34,
K4.44,2021_Kelly,-5.34,
K4.45,2021_Kelly,-5.46,
K4.46,2021_Kelly,-5.54,
K4.47,2021_Kelly,-5.55,
K4.48,2021_Kelly,-5.61,
K4.49,2021_Kelly,-5.65,
K4.50,2021_Kelly,-5.7,
K4.51,2021_Kelly,-5.76,
K4.52,2021_Kelly,-5.83,
K4.53,2021_Kelly,-5.88,
K4.54,2021_Kelly,-5.91,
K4.55,2021_Kelly,-5.93,
K4.56,2021_Kelly,-5.93,
K4.57,2021_Kelly,-6.04,
K4.58,2021_Kelly,-6.09,
K4.59,2021_Kelly,-6.24,
K4.60,2021_Kelly,-6.37,
K4.61,2021_Kelly,-6.4,
K4.62,2021_Kelly,-6.4,
K4.63,2021_Kelly,-6.42,
K4.64,2021_Kelly,-6.44,
K4.65,2021_Kelly,-6.47,
K4.66,2021_Kelly,-6.54,
K4.67,2021_Kelly,-6.72,
K4.68,2021_Kelly,-5.06,
K4.69,2021_Kelly,-5.11,
K4.70,2021_Kelly,-5.47,
K4.71,2021_Kelly,-5.94,
K4.72,2021_Kelly,-6,
K4.73,2021_Kelly,-4.98,
K4.74,2021_Kelly,-5.1,
K4.75,2021_Kelly,-5.1,
K4.76,2021_Kelly,-5.1,
K4.77,2021_Kelly,-5.18,
K4.78,2021_Kelly,-5.29,
K4.79,2021_Kelly,-5.3,
K4.80,2021_Kelly,-5.31,
K4.81,2021_Kelly,-5.38,
K4.82,2021_Kelly,-5.4,
K4.83,2021_Kelly,-5.47,
K4.84,2021_Kelly,-5.47,
K4.85,2021_Kelly,-5.54,
K4.86,2021_Kelly,-5.8,
1.1-01,2016_Furukawa,-7.13,
1.1-06,2016_Furukawa,-5.55,
1.1-11,2016_Furukawa,-7.33,
1.1-12,2016_Furukawa,-8.28,
1.1-13,2016_Furukawa,-4.99,
1.1-15,2016_Furukawa,-5.17,
1.1-18,2016_Furukawa,-6.14,
1.1-27,2016_Furukawa,-5.17,
1.1-36,2016_Furukawa,-5.51,
1.2-01,2016_Furukawa,-6.56,
1.2-06,2016_Furukawa,-5.16,
1.2-11,2016_Furukawa,-6.86,
1.2-12,2016_Furukawa,-7.96,
1.2-13,2016_Furukawa,-5.2,
1.2-18,2016_Furukawa,-5.62,
1.2-27,2016_Furukawa,-5.34,
1.2-36,2016_Furukawa,-5.43,
1.3-01,2016_Furukawa,-6.08,
1.3-06,2016_Furukawa,-5.01,
1.3-11,2016_Furukawa,-6.43,
1.3-12,2016_Furukawa,-7.62,
1.3-13,2016_Furukawa,-5.44,
1.3-18,2016_Furukawa,-5.29,
1.3-27,2016_Furukawa,-5.65,
1.4-01,2016_Furukawa,-6.32,
1.4-06,2016_Furukawa,-5.05,
1.4-11,2016_Furukawa,-6.67,
1.4-12,2016_Furukawa,-7.72,
1.4-13,2016_Furukawa,-5.17,
1.4-15,2016_Furukawa,-5.76,
1.4-18,2016_Furukawa,-5.48,
1.4-27,2016_Furukawa,-5.26,
1.4-36,2016_Furukawa,-5.32,
1.5-01,2016_Furukawa,-8.12,
1.5-06,2016_Furukawa,-6.64,
1.5-11,2016_Furukawa,-8.2,
1.5-12,2016_Furukawa,-9,
1.5-13,2016_Furukawa,-5.4,
1.5-15,2016_Furukawa,-5.18,
1.5-18,2016_Furukawa,-6.58,
1.5-27,2016_Furukawa,-5.73,-6.11
1.5-36,2016_Furukawa,-6.02,
1.5-38,2016_Furukawa,-6.5,
1.6-01,2016_Furukawa,-5.25,
1.6-06,2016_Furukawa,-5.34,
1.6-11,2016_Furukawa,-5.56,
1.6-12,2016_Furukawa,-6.44,
1.7-01,2016_Furukawa,-5.19,
1.7-06,2016_Furukawa,-5.75,
1.7-11,2016_Furukawa,-5.62,
1.7-12,2016_Furukawa,-6.22,
1.8-01,2016_Furukawa,-5.93,
1.8-06,2016_Furukawa,-5.04,
1.8-11,2016_Furukawa,-6.23,
1.8-12,2016_Furukawa,-7.04,
1.8-18,2016_Furukawa,-5.3,
1.8-27,2016_Furukawa,-7.13,
1.9-01,2016_Furukawa,-5.52,-6.15
1.9-06,2016_Furukawa,-5.11,
1.9-11,2016_Furukawa,-5.79,
1.9-12,2016_Furukawa,-6.59,
1.9-18,2016_Furukawa,-5.16,
1.10-01,2016_Furukawa,-6.51,
1.10-06,2016_Furukawa,-5.23,
1.10-11,2016_Furukawa,-6.66,
1.10-12,2016_Furukawa,-7.45,
1.10-18,2016_Furukawa,-5.59,-6.02
A03,2020_Furukawa,-5.63,
A08,2020_Furukawa,-6.34,
A09,2020_Furukawa,-5.35,
B01,2020_Furukawa,-6.2,
B02,2020_Furukawa,-5.82,
B03,2020_Furukawa,-7.76,
B04,2020_Furukawa,-5.75,
B05,2020_Furukawa,-5.3,
B06,2020_Furukawa,-5.78,
B07,2020_Furukawa,-7.44,
B08,2020_Furukawa,-5.27,
B09,2020_Furukawa,-6.85,
B10,2020_Furukawa,-5.69,
B11,2020_Furukawa,-5.53,
B12,2020_Furukawa,-6.86,
B13,2020_Furukawa,-5.3,
B15,2020_Furukawa,-6.48,
B18,2020_Furukawa,-6.27,
W1,Wang2021,-4.3,
W2,Wang2021,-4.6,
W3,Wang2021,-5.1,
W4,Wang2021,-5.3,
W5,Wang2021,-6.7,
W6,Wang2021,-5.9,
W7,Wang2021,-5.8,
W8,Wang2021,-7,
W9,Wang2021,-7,
W10,Wang2021,-7,
W11,Wang2021,-7,
W12,Wang2021,-5,
W13,Wang2021,-3.9,
W14,Wang2021,-4.7,
W15,Wang2021,-6.5,
W16,Wang2021,-5.9,
W17,Wang2021,-4.8,
W18,Wang2021,-4.3,
W19,Wang2021,-4.4,
W20,Wang2021,-4.6,
W21,Wang2021,-6.6,
W22,Wang2021,-4,
W23,Wang2021,-7,
W24,Wang2021,-7,